threshold,site,n_bin,n_patients,n_patients_lost,aggregator,auroc
0.0,__overall__,all,217,0.0,mean,0.6591989987484356
0.0,LASUTH,all,13,,mean,0.9333333333333333
0.0,LUTH,all,19,,mean,0.8125
0.0,OAUTHC,all,81,,mean,0.45128676470588236
0.0,UITH,all,10,,mean,0.7916666666666667
0.0,retrospective_msk,all,94,,mean,0.7831081081081082
0.0,__overall__,1,73,,mean,0.6386554621848739
0.0,__overall__,2-3,109,,mean,0.7177942539388322
0.0,__overall__,4-6,17,,mean,0.7333333333333334
0.0,__overall__,7+,18,,mean,0.25
0.0,OAUTHC,1,30,,mean,0.4814814814814815
0.0,OAUTHC,2-3,22,,mean,0.5416666666666667
0.0,OAUTHC,4-6,11,,mean,0.5555555555555556
0.0,OAUTHC,7+,18,,mean,0.25
0.0,__overall__,all,217,0.0,max,0.6444305381727158
0.0,LASUTH,all,13,,max,0.8999999999999999
0.0,LUTH,all,19,,max,0.8333333333333333
0.0,OAUTHC,all,81,,max,0.4264705882352941
0.0,UITH,all,10,,max,0.7916666666666667
0.0,retrospective_msk,all,94,,max,0.8243243243243242
0.0,__overall__,1,73,,max,0.6386554621848739
0.0,__overall__,2-3,109,,max,0.7442075996292863
0.0,__overall__,4-6,17,,max,0.9666666666666667
0.0,__overall__,7+,18,,max,0.375
0.0,OAUTHC,1,30,,max,0.4814814814814815
0.0,OAUTHC,2-3,22,,max,0.5555555555555556
0.0,OAUTHC,4-6,11,,max,0.9444444444444444
0.0,OAUTHC,7+,18,,max,0.375
0.05,__overall__,all,216,1.0,mean,0.6573083217927737
0.05,LASUTH,all,13,,mean,0.9333333333333333
0.05,LUTH,all,18,,mean,0.8
0.05,OAUTHC,all,81,,mean,0.453125
0.05,UITH,all,10,,mean,0.7916666666666667
0.05,retrospective_msk,all,94,,mean,0.7831081081081082
0.05,__overall__,1,72,,mean,0.6320855614973262
0.05,__overall__,2-3,109,,mean,0.7177942539388322
0.05,__overall__,4-6,17,,mean,0.7333333333333334
0.05,__overall__,7+,18,,mean,0.28125
0.05,OAUTHC,1,30,,mean,0.4814814814814815
0.05,OAUTHC,2-3,22,,mean,0.5416666666666667
0.05,OAUTHC,4-6,11,,mean,0.5555555555555556
0.05,OAUTHC,7+,18,,mean,0.28125
0.05,__overall__,all,216,1.0,max,0.6423265768601284
0.05,LASUTH,all,13,,max,0.8999999999999999
0.05,LUTH,all,18,,max,0.8222222222222222
0.05,OAUTHC,all,81,,max,0.4264705882352941
0.05,UITH,all,10,,max,0.7916666666666667
0.05,retrospective_msk,all,94,,max,0.8243243243243242
0.05,__overall__,1,72,,max,0.6320855614973262
0.05,__overall__,2-3,109,,max,0.7442075996292863
0.05,__overall__,4-6,17,,max,0.9666666666666667
0.05,__overall__,7+,18,,max,0.375
0.05,OAUTHC,1,30,,max,0.4814814814814815
0.05,OAUTHC,2-3,22,,max,0.5555555555555556
0.05,OAUTHC,4-6,11,,max,0.9444444444444444
0.05,OAUTHC,7+,18,,max,0.375
0.1,__overall__,all,211,6.0,mean,0.6616600790513834
0.1,LASUTH,all,12,,mean,0.9259259259259259
0.1,LUTH,all,16,,mean,0.7692307692307692
0.1,OAUTHC,all,80,,mean,0.4755859375
0.1,UITH,all,9,,mean,0.75
0.1,retrospective_msk,all,93,,mean,0.7801369863013697
0.1,retrospective_oau,all,1,,mean,
0.1,__overall__,1,70,,mean,0.65625
0.1,__overall__,2-3,106,,mean,0.708173076923077
0.1,__overall__,4-6,17,,mean,0.7333333333333334
0.1,__overall__,7+,18,,mean,0.28125
0.1,OAUTHC,1,31,,mean,0.5597826086956521
0.1,OAUTHC,2-3,20,,mean,0.484375
0.1,OAUTHC,4-6,11,,mean,0.5555555555555556
0.1,OAUTHC,7+,18,,mean,0.28125
0.1,__overall__,all,211,6.0,max,0.647562582345191
0.1,LASUTH,all,12,,max,0.888888888888889
0.1,LUTH,all,16,,max,0.7948717948717948
0.1,OAUTHC,all,80,,max,0.453125
0.1,UITH,all,9,,max,0.75
0.1,retrospective_msk,all,93,,max,0.821917808219178
0.1,retrospective_oau,all,1,,max,
0.1,__overall__,1,70,,max,0.65625
0.1,__overall__,2-3,106,,max,0.7365384615384615
0.1,__overall__,4-6,17,,max,0.9666666666666667
0.1,__overall__,7+,18,,max,0.375
0.1,OAUTHC,1,31,,max,0.5597826086956521
0.1,OAUTHC,2-3,20,,max,0.53125
0.1,OAUTHC,4-6,11,,max,0.9444444444444444
0.1,OAUTHC,7+,18,,max,0.375
0.15,__overall__,all,200,17.0,mean,0.6562676453980801
0.15,LASUTH,all,10,,mean,0.9047619047619048
0.15,LUTH,all,14,,mean,0.7272727272727273
0.15,OAUTHC,all,76,,mean,0.44479166666666664
0.15,UITH,all,7,,mean,0.5833333333333334
0.15,retrospective_msk,all,88,,mean,0.8039664378337147
0.15,retrospective_oau,all,5,,mean,1.0
0.15,__overall__,1,68,,mean,0.6033333333333333
0.15,__overall__,2-3,99,,mean,0.7475675675675676
0.15,__overall__,4-6,15,,mean,0.7857142857142857
0.15,__overall__,7+,18,,mean,0.3125
0.15,OAUTHC,1,30,,mean,0.5056818181818181
0.15,OAUTHC,2-3,19,,mean,0.5142857142857143
0.15,OAUTHC,4-6,9,,mean,0.625
0.15,OAUTHC,7+,18,,mean,0.3125
0.15,__overall__,all,200,17.0,max,0.6223884810841332
0.15,LASUTH,all,10,,max,0.8571428571428571
0.15,LUTH,all,14,,max,0.7575757575757576
0.15,OAUTHC,all,76,,max,0.41666666666666663
0.15,UITH,all,7,,max,0.5833333333333334
0.15,retrospective_msk,all,88,,max,0.8169336384439359
0.15,retrospective_oau,all,5,,max,1.0
0.15,__overall__,1,68,,max,0.6033333333333333
0.15,__overall__,2-3,99,,max,0.7562162162162162
0.15,__overall__,4-6,15,,max,0.9285714285714286
0.15,__overall__,7+,18,,max,0.375
0.15,OAUTHC,1,30,,max,0.5056818181818181
0.15,OAUTHC,2-3,19,,max,0.5571428571428572
0.15,OAUTHC,4-6,9,,max,0.875
0.15,OAUTHC,7+,18,,max,0.375
0.2,__overall__,all,187,30.0,mean,0.6374021909233177
0.2,LASUTH,all,10,,mean,0.9047619047619048
0.2,LUTH,all,12,,mean,0.6296296296296297
0.2,OAUTHC,all,73,,mean,0.4035087719298246
0.2,UITH,all,6,,mean,0.7777777777777779
0.2,retrospective_msk,all,84,,mean,0.7919028340080971
0.2,retrospective_oau,all,2,,mean,1.0
0.2,__overall__,1,58,,mean,0.5437589670014348
0.2,__overall__,2-3,97,,mean,0.7344444444444445
0.2,__overall__,4-6,15,,mean,0.7857142857142857
0.2,__overall__,7+,17,,mean,0.26666666666666666
0.2,OAUTHC,1,27,,mean,0.4276315789473684
0.2,OAUTHC,2-3,20,,mean,0.5066666666666666
0.2,OAUTHC,4-6,9,,mean,0.625
0.2,OAUTHC,7+,17,,mean,0.26666666666666666
0.2,__overall__,all,187,30.0,max,0.6035993740219093
0.2,LASUTH,all,10,,max,0.8571428571428571
0.2,LUTH,all,12,,max,0.7037037037037037
0.2,OAUTHC,all,73,,max,0.38596491228070173
0.2,UITH,all,6,,max,0.7777777777777779
0.2,retrospective_msk,all,84,,max,0.8056680161943319
0.2,retrospective_oau,all,2,,max,1.0
0.2,__overall__,1,58,,max,0.5437589670014348
0.2,__overall__,2-3,97,,max,0.7438888888888888
0.2,__overall__,4-6,15,,max,0.9285714285714286
0.2,__overall__,7+,17,,max,0.3666666666666667
0.2,OAUTHC,1,27,,max,0.4276315789473684
0.2,OAUTHC,2-3,20,,max,0.5466666666666666
0.2,OAUTHC,4-6,9,,max,0.875
0.2,OAUTHC,7+,17,,max,0.3666666666666667
0.25,__overall__,all,182,35.0,mean,0.6432806324110673
0.25,LASUTH,all,10,,mean,0.9047619047619048
0.25,LUTH,all,10,,mean,0.875
0.25,OAUTHC,all,71,,mean,0.3943181818181818
0.25,UITH,all,6,,mean,0.7777777777777779
0.25,retrospective_msk,all,78,,mean,0.7752007136485282
0.25,retrospective_oau,all,7,,mean,1.0
0.25,__overall__,1,61,,mean,0.5388471177944861
0.25,__overall__,2-3,90,,mean,0.8001336898395722
0.25,__overall__,4-6,14,,mean,0.7692307692307692
0.25,__overall__,7+,17,,mean,0.23333333333333334
0.25,OAUTHC,1,29,,mean,0.42105263157894735
0.25,OAUTHC,2-3,16,,mean,0.6666666666666666
0.25,OAUTHC,4-6,9,,mean,0.625
0.25,OAUTHC,7+,17,,mean,0.23333333333333334
0.25,__overall__,all,182,35.0,max,0.6055665349143611
0.25,LASUTH,all,10,,max,0.8571428571428571
0.25,LUTH,all,10,,max,1.0
0.25,OAUTHC,all,71,,max,0.36363636363636365
0.25,UITH,all,6,,max,0.7777777777777779
0.25,retrospective_msk,all,78,,max,0.792149866190901
0.25,retrospective_oau,all,7,,max,1.0
0.25,__overall__,1,61,,max,0.5388471177944861
0.25,__overall__,2-3,90,,max,0.8008021390374331
0.25,__overall__,4-6,14,,max,0.9230769230769231
0.25,__overall__,7+,17,,max,0.3666666666666667
0.25,OAUTHC,1,29,,max,0.42105263157894735
0.25,OAUTHC,2-3,16,,max,0.6923076923076923
0.25,OAUTHC,4-6,9,,max,0.875
0.25,OAUTHC,7+,17,,max,0.3666666666666667
