filter,aggregator,site,n_bin,n_patients,n_msih,auroc,auprc,brier,mean_pred_mss,mean_pred_msih
none,mean,__overall__,all,217,47,0.6591989987484356,0.3856986721199081,0.2022364717041107,0.3815520073125729,0.4890903903499061
none,mean,LASUTH,all,13,3,0.9333333333333333,0.8666666666666667,0.1270653203961976,0.28159024243553477,0.5304544270038605
none,mean,LUTH,all,19,3,0.8125,0.6,0.1568143709760344,0.29564357665367424,0.6029800722996393
none,mean,OAUTHC,all,81,17,0.45128676470588236,0.2418392889417708,0.24856578461835852,0.42353302234627693,0.4062449231736581
none,mean,UITH,all,10,4,0.7916666666666667,0.7470238095238095,0.22925982008400023,0.30665898447235423,0.5010324632748961
none,mean,retrospective_msk,all,94,20,0.7831081081081082,0.6208111336063027,0.1790166530975506,0.38339965209901866,0.5338325650741657
none,mean,__overall__,1,73,17,0.6386554621848739,0.3891689747301643,0.21006394010874918,0.3522085641909923,0.46557167786009174
none,mean,__overall__,2-3,109,26,0.7177942539388322,0.5119562565032976,0.19165185942215082,0.3825479775637268,0.5141563185801108
none,mean,__overall__,4-6,17,2,0.7333333333333334,0.26785714285714285,0.1752142248611873,0.38626383011539783,0.491461425088346
none,mean,__overall__,7+,18,2,0.25,0.1111111111111111,0.26010845734437277,0.4746701286825942,0.36077134478222606
none,mean,OAUTHC,1,30,9,0.4814814814814815,0.3003127682049251,0.2686471289801313,0.3987067061520758,0.3682508303059472
none,mean,OAUTHC,2-3,22,4,0.5416666666666667,0.40773809523809523,0.23150022365638712,0.40838651165918066,0.4718601703643799
none,mean,OAUTHC,4-6,11,2,0.5555555555555556,0.26785714285714285,0.20904159382217014,0.4208437035757082,0.491461425088346
none,mean,OAUTHC,7+,18,2,0.25,0.1111111111111111,0.26010845734437277,0.4746701286825942,0.36077134478222606
none,max,__overall__,all,217,47,0.6444305381727158,0.34717710620553865,0.2433239996102735,0.4441434946130304,0.5511724400393506
none,max,LASUTH,all,13,3,0.8999999999999999,0.8333333333333333,0.13297920131839355,0.29098384007811545,0.5304544270038605
none,max,LUTH,all,19,3,0.8333333333333333,0.7575757575757576,0.1552914514330777,0.3086881744675338,0.7065624743700027
none,max,OAUTHC,all,81,17,0.4264705882352941,0.21345610143890303,0.3437533761342627,0.5423262381227687,0.48836804137510414
none,max,UITH,all,10,4,0.7916666666666667,0.7470238095238095,0.22235528783064407,0.30665898447235423,0.5115879476070404
none,max,retrospective_msk,all,94,20,0.8243243243243242,0.6535859562191324,0.19206876995617062,0.42036096953056956,0.5922722741961479
none,max,__overall__,1,73,17,0.6386554621848739,0.3891689747301643,0.21006394010874918,0.3522085641909923,0.46557167786009174
none,max,__overall__,2-3,109,26,0.7442075996292863,0.528073039293118,0.20759934490919574,0.4283134130289756,0.5816616885937177
none,max,__overall__,4-6,17,2,0.9666666666666667,0.8333333333333333,0.24719497736123816,0.5077165166536967,0.7550570070743561
none,max,__overall__,7+,18,2,0.375,0.14215686274509803,0.5908887265137378,0.7884345911443233,0.6785341203212738
none,max,OAUTHC,1,30,9,0.4814814814814815,0.3003127682049251,0.2686471289801313,0.3987067061520758,0.3682508303059472
none,max,OAUTHC,2-3,22,4,0.5555555555555556,0.4119047619047619,0.27027820686319864,0.474549381269349,0.5302042439579964
none,max,OAUTHC,4-6,11,2,0.9444444444444444,0.8333333333333333,0.2911356335666989,0.5754662321673499,0.7550570070743561
none,max,OAUTHC,7+,18,2,0.375,0.14215686274509803,0.5908887265137378,0.7884345911443233,0.6785341203212738
conch_v1.5_mean:hdbscan_noise,mean,__overall__,all,215,46,0.6583483406225882,0.3850288443422823,0.202470677252229,0.3825887694232723,0.4903095886187388
conch_v1.5_mean:hdbscan_noise,mean,LASUTH,all,13,3,0.9333333333333333,0.8666666666666667,0.1270653203961976,0.28159024243553477,0.5304544270038605
conch_v1.5_mean:hdbscan_noise,mean,LUTH,all,19,3,0.8125,0.6,0.1568143709760344,0.29564357665367424,0.6029800722996393
conch_v1.5_mean:hdbscan_noise,mean,OAUTHC,all,79,16,0.441468253968254,0.23649365716510934,0.25037607346233237,0.42698054316757744,0.4045722764980368
conch_v1.5_mean:hdbscan_noise,mean,UITH,all,10,4,0.7916666666666667,0.7470238095238095,0.22925982008400023,0.30665898447235423,0.5010324632748961
conch_v1.5_mean:hdbscan_noise,mean,retrospective_msk,all,94,20,0.7831081081081082,0.6208111336063027,0.1790166530975506,0.38339965209901866,0.5338325650741657
conch_v1.5_mean:hdbscan_noise,mean,__overall__,1,72,16,0.6428571428571429,0.3880719571924198,0.20783016770832732,0.3522085641909923,0.4702331544831395
conch_v1.5_mean:hdbscan_noise,mean,__overall__,2-3,109,27,0.7186088527551943,0.5155429742362706,0.19340479909745298,0.38405173291580946,0.513327994050435
conch_v1.5_mean:hdbscan_noise,mean,__overall__,4-6,16,1,0.6,0.14285714285714285,0.17559029648708924,0.38900682970881467,0.4373175408691167
conch_v1.5_mean:hdbscan_noise,mean,__overall__,7+,18,2,0.28125,0.11437908496732026,0.25982531604521486,0.47540486831930356,0.3666686122504449
conch_v1.5_mean:hdbscan_noise,mean,OAUTHC,1,29,8,0.47619047619047616,0.27997351174011925,0.2651213212574075,0.3987067061520758,0.36540867760777473
conch_v1.5_mean:hdbscan_noise,mean,OAUTHC,2-3,22,5,0.5647058823529412,0.4249773755656109,0.2401852429567478,0.41715983359837067,0.4758464475472768
conch_v1.5_mean:hdbscan_noise,mean,OAUTHC,4-6,10,1,0.33333333333333337,0.14285714285714285,0.21302604531971153,0.4254153695647363,0.4373175408691167
conch_v1.5_mean:hdbscan_noise,mean,OAUTHC,7+,18,2,0.28125,0.11437908496732026,0.25982531604521486,0.47540486831930356,0.3666686122504449
conch_v1.5_mean:hdbscan_noise,max,__overall__,all,215,46,0.6449704142011834,0.3452634493428747,0.24351265823843163,0.4448151477342527,0.5517629770481068
conch_v1.5_mean:hdbscan_noise,max,LASUTH,all,13,3,0.8999999999999999,0.8333333333333333,0.13297920131839355,0.29098384007811545,0.5304544270038605
conch_v1.5_mean:hdbscan_noise,max,LUTH,all,19,3,0.8333333333333333,0.7575757575757576,0.1552914514330777,0.3086881744675338,0.7065624743700027
conch_v1.5_mean:hdbscan_noise,max,OAUTHC,all,79,16,0.41567460317460314,0.20814247650160866,0.34680933003428766,0.5456864305195355,0.48614056035876274
conch_v1.5_mean:hdbscan_noise,max,UITH,all,10,4,0.7916666666666667,0.7470238095238095,0.22235528783064407,0.30665898447235423,0.5115879476070404
conch_v1.5_mean:hdbscan_noise,max,retrospective_msk,all,94,20,0.8243243243243242,0.6535859562191324,0.19206876995617062,0.42036096953056956,0.5922722741961479
conch_v1.5_mean:hdbscan_noise,max,__overall__,1,72,16,0.6428571428571429,0.3880719571924198,0.20783016770832732,0.3522085641909923,0.4702331544831395
conch_v1.5_mean:hdbscan_noise,max,__overall__,2-3,109,27,0.7457091237579042,0.5335766389182033,0.20855870759650919,0.43015531986588385,0.5813789180031529
conch_v1.5_mean:hdbscan_noise,max,__overall__,4-6,16,1,1.0,1.0,0.2572808063781966,0.5077165166536967,0.8030674457550049
conch_v1.5_mean:hdbscan_noise,max,__overall__,7+,18,2,0.40625,0.1588235294117647,0.5856698564551437,0.7850997745990753,0.6785341203212738
conch_v1.5_mean:hdbscan_noise,max,OAUTHC,1,29,8,0.47619047619047616,0.27997351174011925,0.2651213212574075,0.3987067061520758,0.36540867760777473
conch_v1.5_mean:hdbscan_noise,max,OAUTHC,2-3,22,5,0.5647058823529412,0.4191300366300367,0.275031412904888,0.48615363590857563,0.5389687716960907
conch_v1.5_mean:hdbscan_noise,max,OAUTHC,4-6,10,1,1.0,1.0,0.31166702561437853,0.5754662321673499,0.8030674457550049
conch_v1.5_mean:hdbscan_noise,max,OAUTHC,7+,18,2,0.40625,0.1588235294117647,0.5856698564551437,0.7850997745990753,0.6785341203212738
conch_v1.5_mean:msk_dist_p95,mean,__overall__,all,210,46,0.6570784729586425,0.40845875524237535,0.20416560189270366,0.385228819861782,0.49918144738789133
conch_v1.5_mean:msk_dist_p95,mean,LASUTH,all,9,3,0.888888888888889,0.8666666666666667,0.1545430734035861,0.305656517131461,0.5304544270038605
conch_v1.5_mean:msk_dist_p95,mean,LUTH,all,17,3,0.8809523809523809,0.7916666666666666,0.1507345659948922,0.28457165961819036,0.7065624743700027
conch_v1.5_mean:msk_dist_p95,mean,OAUTHC,all,80,16,0.45703125,0.24790158662436265,0.24753702248151982,0.424188374339489,0.41045979115262843
conch_v1.5_mean:msk_dist_p95,mean,UITH,all,10,4,0.7916666666666667,0.7470238095238095,0.22925982008400023,0.30665898447235423,0.5010324632748961
conch_v1.5_mean:msk_dist_p95,mean,retrospective_msk,all,94,20,0.7831081081081082,0.6208111336063027,0.17899830974000772,0.38339965209901866,0.5339904682089884
conch_v1.5_mean:msk_dist_p95,mean,__overall__,1,70,17,0.6570477247502775,0.4503777914460115,0.20923385294368962,0.3530003919072871,0.49510720109238343
conch_v1.5_mean:msk_dist_p95,mean,__overall__,2-3,108,26,0.7134146341463414,0.5155401258677412,0.1941968321700182,0.38777940594629057,0.5156502803453268
conch_v1.5_mean:msk_dist_p95,mean,__overall__,4-6,14,1,0.6153846153846154,0.16666666666666666,0.1773439032809951,0.38722537016639347,0.4373175408691167
conch_v1.5_mean:msk_dist_p95,mean,__overall__,7+,18,2,0.25,0.10882352941176471,0.2651296761729775,0.4772915366554425,0.35064966571243367
conch_v1.5_mean:msk_dist_p95,mean,OAUTHC,1,29,8,0.47023809523809523,0.27756966558627305,0.2660491677294472,0.3987067061520758,0.362595297396183
conch_v1.5_mean:msk_dist_p95,mean,OAUTHC,2-3,23,5,0.6111111111111112,0.4583107088989442,0.22705298983215733,0.40838651165918066,0.5055954813957214
conch_v1.5_mean:msk_dist_p95,mean,OAUTHC,4-6,10,1,0.4444444444444444,0.16666666666666666,0.2092982997114407,0.4208437035757082,0.4373175408691167
conch_v1.5_mean:msk_dist_p95,mean,OAUTHC,7+,18,2,0.25,0.10882352941176471,0.2651296761729775,0.4772915366554425,0.35064966571243367
conch_v1.5_mean:msk_dist_p95,max,__overall__,all,210,46,0.6383881230116648,0.34394229077354255,0.24714248239565728,0.4490889236330986,0.5509818782624991
conch_v1.5_mean:msk_dist_p95,max,LASUTH,all,9,3,0.8333333333333333,0.8333333333333333,0.16308534584675802,0.3213125132024288,0.5304544270038605
conch_v1.5_mean:msk_dist_p95,max,LUTH,all,17,3,0.8809523809523809,0.7916666666666666,0.1530466387104651,0.29051167890429497,0.7065624743700027
conch_v1.5_mean:msk_dist_p95,max,OAUTHC,all,80,16,0.421875,0.19982160063742974,0.34440428847753524,0.5423262381227687,0.48389490135014057
conch_v1.5_mean:msk_dist_p95,max,UITH,all,10,4,0.7916666666666667,0.7470238095238095,0.22235528783064407,0.30665898447235423,0.5115879476070404
conch_v1.5_mean:msk_dist_p95,max,retrospective_msk,all,94,20,0.8243243243243242,0.6535859562191324,0.19206876995617062,0.42036096953056956,0.5922722741961479
conch_v1.5_mean:msk_dist_p95,max,__overall__,1,70,17,0.6570477247502775,0.4503777914460115,0.20923385294368962,0.3530003919072871,0.49510720109238343
conch_v1.5_mean:msk_dist_p95,max,__overall__,2-3,108,26,0.7382739212007504,0.5048873982943735,0.2111528932226207,0.43355287747775634,0.5736404416652826
conch_v1.5_mean:msk_dist_p95,max,__overall__,4-6,14,1,1.0,1.0,0.268623888225852,0.5211748687120584,0.8030674457550049
conch_v1.5_mean:msk_dist_p95,max,__overall__,7+,18,2,0.1875,0.10049019607843138,0.5937947052124884,0.7884345911443233,0.6053125262260437
conch_v1.5_mean:msk_dist_p95,max,OAUTHC,1,29,8,0.47023809523809523,0.27756966558627305,0.2660491677294472,0.3987067061520758,0.362595297396183
conch_v1.5_mean:msk_dist_p95,max,OAUTHC,2-3,23,5,0.6222222222222222,0.46198717948717954,0.262258359307838,0.474549381269349,0.5655727088451385
conch_v1.5_mean:msk_dist_p95,max,OAUTHC,4-6,10,1,1.0,1.0,0.31166702561437853,0.5754662321673499,0.8030674457550049
conch_v1.5_mean:msk_dist_p95,max,OAUTHC,7+,18,2,0.1875,0.10049019607843138,0.5937947052124884,0.7884345911443233,0.6053125262260437
conch_v1.5_mean:msk_dist_p99,mean,__overall__,all,215,46,0.6628505273990224,0.4042373739802599,0.20107940268413388,0.38143514266207457,0.49755779395150157
conch_v1.5_mean:msk_dist_p99,mean,LASUTH,all,13,3,0.9333333333333333,0.8666666666666667,0.1270653203961976,0.28159024243553477,0.5304544270038605
conch_v1.5_mean:msk_dist_p99,mean,LUTH,all,18,3,0.8666666666666667,0.7777777777777777,0.14810742035304247,0.28823711747924485,0.7065624743700027
conch_v1.5_mean:msk_dist_p99,mean,OAUTHC,all,80,16,0.4501953125,0.23738588704616306,0.24744811911478387,0.42361799626851676,0.405791787523008
conch_v1.5_mean:msk_dist_p99,mean,UITH,all,10,4,0.7916666666666667,0.7470238095238095,0.22925982008400023,0.30665898447235423,0.5010324632748961
conch_v1.5_mean:msk_dist_p99,mean,retrospective_msk,all,94,20,0.7831081081081082,0.6208111336063027,0.17899830974000772,0.38339965209901866,0.5339904682089884
conch_v1.5_mean:msk_dist_p99,mean,__overall__,1,73,17,0.6638655462184875,0.4461921630627265,0.20500776916280913,0.35144016133355244,0.49510720109238343
conch_v1.5_mean:msk_dist_p99,mean,__overall__,2-3,108,25,0.7089156626506024,0.4968934779954838,0.19196468784695603,0.3825479775637268,0.5106548225382963
conch_v1.5_mean:msk_dist_p99,mean,__overall__,4-6,16,2,0.7142857142857142,0.26785714285714285,0.17789730801175666,0.38787482481982033,0.491461425088346
conch_v1.5_mean:msk_dist_p99,mean,__overall__,7+,18,2,0.25,0.1111111111111111,0.2604422895857975,0.4750100243715535,0.36077134478222606
conch_v1.5_mean:msk_dist_p99,mean,OAUTHC,1,29,8,0.47023809523809523,0.27756966558627305,0.2660491677294472,0.3987067061520758,0.362595297396183
conch_v1.5_mean:msk_dist_p99,mean,OAUTHC,2-3,22,4,0.5416666666666667,0.40773809523809523,0.23150022365638712,0.40838651165918066,0.4718601703643799
conch_v1.5_mean:msk_dist_p99,mean,OAUTHC,4-6,11,2,0.5555555555555556,0.26785714285714285,0.20904159382217014,0.4208437035757082,0.491461425088346
conch_v1.5_mean:msk_dist_p99,mean,OAUTHC,7+,18,2,0.25,0.1111111111111111,0.2604422895857975,0.4750100243715535,0.36077134478222606
conch_v1.5_mean:msk_dist_p99,max,__overall__,all,215,46,0.647671726267044,0.34780566951258046,0.2431501083232242,0.44424202403373264,0.5541654258318569
conch_v1.5_mean:msk_dist_p99,max,LASUTH,all,13,3,0.8999999999999999,0.8333333333333333,0.13297920131839355,0.29098384007811545,0.5304544270038605
conch_v1.5_mean:msk_dist_p99,max,LUTH,all,18,3,0.8444444444444444,0.7666666666666666,0.15391616425234955,0.3007679179310799,0.7065624743700027
conch_v1.5_mean:msk_dist_p99,max,OAUTHC,all,80,16,0.431640625,0.2093556521122707,0.34375044327031634,0.5423262381227687,0.49304760061204433
conch_v1.5_mean:msk_dist_p99,max,UITH,all,10,4,0.7916666666666667,0.7470238095238095,0.22235528783064407,0.30665898447235423,0.5115879476070404
conch_v1.5_mean:msk_dist_p99,max,retrospective_msk,all,94,20,0.8243243243243242,0.6535859562191324,0.19206876995617062,0.42036096953056956,0.5922722741961479
conch_v1.5_mean:msk_dist_p99,max,__overall__,1,73,17,0.6638655462184875,0.4461921630627265,0.20500776916280913,0.35144016133355244,0.49510720109238343
conch_v1.5_mean:msk_dist_p99,max,__overall__,2-3,108,25,0.7339759036144577,0.485237128248756,0.2094556024478304,0.4283134130289756,0.5683041965961456
conch_v1.5_mean:msk_dist_p99,max,__overall__,4-6,16,2,0.9642857142857143,0.8333333333333333,0.2534064999371981,0.51652044909341,0.7550570070743561
conch_v1.5_mean:msk_dist_p99,max,__overall__,7+,18,2,0.375,0.14215686274509803,0.5908887265137378,0.7884345911443233,0.6785341203212738
conch_v1.5_mean:msk_dist_p99,max,OAUTHC,1,29,8,0.47023809523809523,0.27756966558627305,0.2660491677294472,0.3987067061520758,0.362595297396183
conch_v1.5_mean:msk_dist_p99,max,OAUTHC,2-3,22,4,0.5555555555555556,0.4119047619047619,0.27027820686319864,0.474549381269349,0.5302042439579964
conch_v1.5_mean:msk_dist_p99,max,OAUTHC,4-6,11,2,0.9444444444444444,0.8333333333333333,0.2911356335666989,0.5754662321673499,0.7550570070743561
conch_v1.5_mean:msk_dist_p99,max,OAUTHC,7+,18,2,0.375,0.14215686274509803,0.5908887265137378,0.7884345911443233,0.6785341203212738
conch_v1.5_titan:hdbscan_noise,mean,__overall__,all,199,41,0.633528866934239,0.35175237041275964,0.20511310321895743,0.3795178463260721,0.4693170565026134
conch_v1.5_titan:hdbscan_noise,mean,LASUTH,all,11,1,0.8,0.3333333333333333,0.11773322413907682,0.28159024243553477,0.4348234236240387
conch_v1.5_titan:hdbscan_noise,mean,LUTH,all,17,3,0.7857142857142857,0.6,0.16326754329631177,0.3025512187076466,0.6029800722996393
conch_v1.5_titan:hdbscan_noise,mean,OAUTHC,all,71,14,0.42857142857142855,0.2387186630475032,0.25130498231971465,0.41549530288831843,0.38236308458974183
conch_v1.5_titan:hdbscan_noise,mean,UITH,all,8,3,0.6666666666666666,0.5555555555555556,0.28436911410462395,0.34441644251346587,0.35512658829490346
conch_v1.5_titan:hdbscan_noise,mean,retrospective_msk,all,89,20,0.7797101449275363,0.6331977165981049,0.18027088102344607,0.3795074384857491,0.5289886363471548
conch_v1.5_titan:hdbscan_noise,mean,__overall__,1,70,13,0.5627530364372471,0.27354157035916044,0.2201580022457084,0.3706621928957471,0.4214382183093291
conch_v1.5_titan:hdbscan_noise,mean,__overall__,2-3,101,26,0.722051282051282,0.5718233720796554,0.18986733200373002,0.3662900950676865,0.5015139239243207
conch_v1.5_titan:hdbscan_noise,mean,__overall__,7+,17,2,0.23333333333333334,0.1125,0.26020769013938383,0.47097575615950266,0.3619702282767647
conch_v1.5_titan:hdbscan_noise,mean,OAUTHC,1,30,8,0.4602272727272727,0.26144419306184014,0.2712503298854365,0.4150264842266386,0.3716907165944576
conch_v1.5_titan:hdbscan_noise,mean,OAUTHC,2-3,19,4,0.5333333333333333,0.4325609031491384,0.21872548196473418,0.34644412563906773,0.41390424873679876
conch_v1.5_titan:hdbscan_noise,mean,OAUTHC,7+,17,2,0.23333333333333334,0.1125,0.26020769013938383,0.47097575615950266,0.3619702282767647
conch_v1.5_titan:hdbscan_noise,max,__overall__,all,199,41,0.6096017289286817,0.3137565370163746,0.2468557915305764,0.4377202904205533,0.5174220140750815
conch_v1.5_titan:hdbscan_noise,max,LASUTH,all,11,1,0.7,0.25,0.12472235613803564,0.29098384007811545,0.4348234236240387
conch_v1.5_titan:hdbscan_noise,max,LUTH,all,17,3,0.8333333333333333,0.7666666666666666,0.16014729449991041,0.3141986344541822,0.7065624743700027
conch_v1.5_titan:hdbscan_noise,max,OAUTHC,all,71,14,0.393483709273183,0.19888942573367907,0.3498601934201701,0.5284704375162459,0.43651700977768215
conch_v1.5_titan:hdbscan_noise,max,UITH,all,8,3,0.6666666666666666,0.5555555555555556,0.27573844878792875,0.34441644251346587,0.36920056740442914
conch_v1.5_titan:hdbscan_noise,max,retrospective_msk,all,89,20,0.7927536231884059,0.6503857222009819,0.19445929553857763,0.41423607434051624,0.5720475945621729
conch_v1.5_titan:hdbscan_noise,max,__overall__,1,70,13,0.5627530364372471,0.27354157035916044,0.2201580022457084,0.3706621928957471,0.4214382183093291
conch_v1.5_titan:hdbscan_noise,max,__overall__,2-3,101,26,0.7246153846153847,0.5875256776197648,0.20392085645445385,0.4077239219347636,0.5530206730159429
conch_v1.5_titan:hdbscan_noise,max,__overall__,7+,17,2,0.4,0.15,0.5863969417659598,0.7839885671933492,0.6785341203212738
conch_v1.5_titan:hdbscan_noise,max,OAUTHC,1,30,8,0.4602272727272727,0.26144419306184014,0.2712503298854365,0.4150264842266386,0.3716907165944576
conch_v1.5_titan:hdbscan_noise,max,OAUTHC,2-3,19,4,0.5166666666666667,0.433187134502924,0.2413237171942665,0.3984011466304461,0.44516104087233543
conch_v1.5_titan:hdbscan_noise,max,OAUTHC,7+,17,2,0.4,0.15,0.5863969417659598,0.7839885671933492,0.6785341203212738
conch_v1.5_titan:msk_dist_p95,mean,__overall__,all,212,47,0.6563507414571244,0.40519782811501726,0.20383561958065405,0.38325910653342227,0.49570203303524846
conch_v1.5_titan:msk_dist_p95,mean,LASUTH,all,10,3,0.9047619047619048,0.8666666666666667,0.14077065322514634,0.2805180993108522,0.5304544270038605
conch_v1.5_titan:msk_dist_p95,mean,LUTH,all,17,3,0.8809523809523809,0.7916666666666666,0.15043263678754,0.28342430852353573,0.7065624743700027
conch_v1.5_titan:msk_dist_p95,mean,OAUTHC,all,81,17,0.45128676470588236,0.2426861455350377,0.2484929185364106,0.42335402189605775,0.4062449231736581
conch_v1.5_titan:msk_dist_p95,mean,UITH,all,10,4,0.7916666666666667,0.7470238095238095,0.22925982008400023,0.30665898447235423,0.5010324632748961
conch_v1.5_titan:msk_dist_p95,mean,retrospective_msk,all,94,20,0.7831081081081082,0.6208111336063027,0.1790166530975506,0.38339965209901866,0.5338325650741657
conch_v1.5_titan:msk_dist_p95,mean,__overall__,1,72,18,0.647119341563786,0.4440116847068396,0.2112013616090269,0.354589874131812,0.4905731951196988
conch_v1.5_titan:msk_dist_p95,mean,__overall__,2-3,107,25,0.7082926829268292,0.4984701076355592,0.19302328046459272,0.3839712755497151,0.510528500030438
conch_v1.5_titan:msk_dist_p95,mean,__overall__,4-6,15,2,0.6923076923076923,0.26785714285714285,0.17928594539089307,0.38722537016639347,0.491461425088346
conch_v1.5_titan:msk_dist_p95,mean,__overall__,7+,18,2,0.28125,0.11437908496732026,0.25910406248188395,0.4731453104785668,0.36077134478222606
conch_v1.5_titan:msk_dist_p95,mean,OAUTHC,1,31,9,0.46464646464646464,0.2848815046008695,0.2673191355036218,0.4022631255740469,0.3682508303059472
conch_v1.5_titan:msk_dist_p95,mean,OAUTHC,2-3,21,4,0.5588235294117647,0.41981351981351983,0.23227154971996175,0.40511472581648356,0.4718601703643799
conch_v1.5_titan:msk_dist_p95,mean,OAUTHC,4-6,11,2,0.5555555555555556,0.26785714285714285,0.20904159382217014,0.4208437035757082,0.491461425088346
conch_v1.5_titan:msk_dist_p95,mean,OAUTHC,7+,18,2,0.28125,0.11437908496732026,0.25910406248188395,0.4731453104785668,0.36077134478222606
conch_v1.5_titan:msk_dist_p95,max,__overall__,all,212,47,0.6381689232753063,0.3482672866958344,0.246266134732923,0.44715315798918404,0.5511724400393506
conch_v1.5_titan:msk_dist_p95,max,LASUTH,all,10,3,0.8571428571428571,0.8333333333333333,0.14845869842400106,0.2939375245145389,0.5304544270038605
conch_v1.5_titan:msk_dist_p95,max,LUTH,all,17,3,0.8809523809523809,0.7916666666666666,0.1530466387104651,0.29051167890429497,0.7065624743700027
conch_v1.5_titan:msk_dist_p95,max,OAUTHC,all,81,17,0.4264705882352941,0.21345610143890303,0.3437533761342627,0.5423262381227687,0.48836804137510414
conch_v1.5_titan:msk_dist_p95,max,UITH,all,10,4,0.7916666666666667,0.7470238095238095,0.22235528783064407,0.30665898447235423,0.5115879476070404
conch_v1.5_titan:msk_dist_p95,max,retrospective_msk,all,94,20,0.8243243243243242,0.6535859562191324,0.19206876995617062,0.42036096953056956,0.5922722741961479
conch_v1.5_titan:msk_dist_p95,max,__overall__,1,72,18,0.647119341563786,0.4440116847068396,0.2112013616090269,0.354589874131812,0.4905731951196988
conch_v1.5_titan:msk_dist_p95,max,__overall__,2-3,107,25,0.7321951219512196,0.48570097139301144,0.21046139534608066,0.42978281845770233,0.5683041965961456
conch_v1.5_titan:msk_dist_p95,max,__overall__,4-6,15,2,0.9615384615384616,0.8333333333333333,0.25643707655012205,0.5211748687120584,0.7550570070743561
conch_v1.5_titan:msk_dist_p95,max,__overall__,7+,18,2,0.375,0.14215686274509803,0.5908887265137378,0.7884345911443233,0.6785341203212738
conch_v1.5_titan:msk_dist_p95,max,OAUTHC,1,31,9,0.46464646464646464,0.2848815046008695,0.2673191355036218,0.4022631255740469,0.3682508303059472
conch_v1.5_titan:msk_dist_p95,max,OAUTHC,2-3,21,4,0.5735294117647058,0.4245754245754246,0.2723162485610492,0.4744082899654613,0.5302042439579964
conch_v1.5_titan:msk_dist_p95,max,OAUTHC,4-6,11,2,0.9444444444444444,0.8333333333333333,0.2911356335666989,0.5754662321673499,0.7550570070743561
conch_v1.5_titan:msk_dist_p95,max,OAUTHC,7+,18,2,0.375,0.14215686274509803,0.5908887265137378,0.7884345911443233,0.6785341203212738
conch_v1.5_titan:msk_dist_p99,mean,__overall__,all,215,47,0.6579280648429585,0.3863634471843578,0.2028687916675021,0.3816547057484487,0.4890903903499061
conch_v1.5_titan:msk_dist_p99,mean,LASUTH,all,12,3,0.9259259259259259,0.8666666666666667,0.1309904654469515,0.2814582335176291,0.5304544270038605
conch_v1.5_titan:msk_dist_p99,mean,LUTH,all,18,3,0.8222222222222222,0.6111111111111112,0.1552783994271269,0.28519380117456117,0.6029800722996393
conch_v1.5_titan:msk_dist_p99,mean,OAUTHC,all,81,17,0.45128676470588236,0.2418392889417708,0.24851518322779612,0.42336611381719985,0.4062449231736581
conch_v1.5_titan:msk_dist_p99,mean,UITH,all,10,4,0.7916666666666667,0.7470238095238095,0.22925982008400023,0.30665898447235423,0.5010324632748961
conch_v1.5_titan:msk_dist_p99,mean,retrospective_msk,all,94,20,0.7831081081081082,0.6208111336063027,0.1790166530975506,0.38339965209901866,0.5338325650741657
conch_v1.5_titan:msk_dist_p99,mean,__overall__,1,73,17,0.6418067226890756,0.39059892533981155,0.20905099462184462,0.3498831866309047,0.46557167786009174
conch_v1.5_titan:msk_dist_p99,mean,__overall__,2-3,108,26,0.7152908067542214,0.5121546982041466,0.1928875662348799,0.38427127626671537,0.5141563185801108
conch_v1.5_titan:msk_dist_p99,mean,__overall__,4-6,16,2,0.7142857142857142,0.26785714285714285,0.17789730801175666,0.38787482481982033,0.491461425088346
conch_v1.5_titan:msk_dist_p99,mean,__overall__,7+,18,2,0.25,0.1111111111111111,0.259880751086842,0.4740024945662858,0.36077134478222606
conch_v1.5_titan:msk_dist_p99,mean,OAUTHC,1,30,9,0.4814814814814815,0.3003127682049251,0.2686471289801313,0.3987067061520758,0.3682508303059472
conch_v1.5_titan:msk_dist_p99,mean,OAUTHC,2-3,22,4,0.5416666666666667,0.40773809523809523,0.23150022365638712,0.40838651165918066,0.4718601703643799
conch_v1.5_titan:msk_dist_p99,mean,OAUTHC,4-6,11,2,0.5555555555555556,0.26785714285714285,0.20904159382217014,0.4208437035757082,0.491461425088346
conch_v1.5_titan:msk_dist_p99,mean,OAUTHC,7+,18,2,0.25,0.1111111111111111,0.259880751086842,0.4740024945662858,0.36077134478222606
conch_v1.5_titan:msk_dist_p99,max,__overall__,all,215,47,0.6427304964539007,0.3478244679004582,0.2441732464970669,0.44465966815395014,0.5511724400393506
conch_v1.5_titan:msk_dist_p99,max,LASUTH,all,12,3,0.888888888888889,0.8333333333333333,0.13739716977933045,0.2918955642316077,0.5304544270038605
conch_v1.5_titan:msk_dist_p99,max,LUTH,all,18,3,0.8666666666666667,0.7777777777777777,0.1514689576919811,0.2946812853217125,0.7065624743700027
conch_v1.5_titan:msk_dist_p99,max,OAUTHC,all,81,17,0.4264705882352941,0.21345610143890303,0.3437533761342627,0.5423262381227687,0.48836804137510414
conch_v1.5_titan:msk_dist_p99,max,UITH,all,10,4,0.7916666666666667,0.7470238095238095,0.22235528783064407,0.30665898447235423,0.5115879476070404
conch_v1.5_titan:msk_dist_p99,max,retrospective_msk,all,94,20,0.8243243243243242,0.6535859562191324,0.19206876995617062,0.42036096953056956,0.5922722741961479
conch_v1.5_titan:msk_dist_p99,max,__overall__,1,73,17,0.6418067226890756,0.39059892533981155,0.20905099462184462,0.3498831866309047,0.46557167786009174
conch_v1.5_titan:msk_dist_p99,max,__overall__,2-3,108,26,0.7420262664165103,0.5282731998843604,0.20875948438178038,0.4300381225965372,0.5816616885937177
conch_v1.5_titan:msk_dist_p99,max,__overall__,4-6,16,2,0.9642857142857143,0.8333333333333333,0.2534064999371981,0.51652044909341,0.7550570070743561
conch_v1.5_titan:msk_dist_p99,max,__overall__,7+,18,2,0.375,0.14215686274509803,0.5908887265137378,0.7884345911443233,0.6785341203212738
conch_v1.5_titan:msk_dist_p99,max,OAUTHC,1,30,9,0.4814814814814815,0.3003127682049251,0.2686471289801313,0.3987067061520758,0.3682508303059472
conch_v1.5_titan:msk_dist_p99,max,OAUTHC,2-3,22,4,0.5555555555555556,0.4119047619047619,0.27027820686319864,0.474549381269349,0.5302042439579964
conch_v1.5_titan:msk_dist_p99,max,OAUTHC,4-6,11,2,0.9444444444444444,0.8333333333333333,0.2911356335666989,0.5754662321673499,0.7550570070743561
conch_v1.5_titan:msk_dist_p99,max,OAUTHC,7+,18,2,0.375,0.14215686274509803,0.5908887265137378,0.7884345911443233,0.6785341203212738
ctranspath_mean:hdbscan_noise,mean,__overall__,all,216,47,0.6603298501825506,0.38691004877555807,0.202024235990007,0.38087971673120796,0.48918256336405697
ctranspath_mean:hdbscan_noise,mean,LASUTH,all,13,3,0.9333333333333333,0.8666666666666667,0.1270653203961976,0.28159024243553477,0.5304544270038605
ctranspath_mean:hdbscan_noise,mean,LUTH,all,19,3,0.8125,0.6,0.1568143709760344,0.29564357665367424,0.6029800722996393
ctranspath_mean:hdbscan_noise,mean,OAUTHC,all,80,17,0.453781512605042,0.2446027624160663,0.24883273697288297,0.4228518939333531,0.40649975444807523
ctranspath_mean:hdbscan_noise,mean,UITH,all,10,4,0.7916666666666667,0.7470238095238095,0.22925982008400023,0.30665898447235423,0.5010324632748961
ctranspath_mean:hdbscan_noise,mean,retrospective_msk,all,93,20,0.7815068493150684,0.6210942188367814,0.17956057128103903,0.3837655078126415,0.5338325650741657
ctranspath_mean:hdbscan_noise,mean,__overall__,1,74,17,0.6418988648090815,0.3881847277364874,0.20871072145330782,0.3518461426883413,0.46557167786009174
ctranspath_mean:hdbscan_noise,mean,__overall__,2-3,107,26,0.7169990503323836,0.5137750637563814,0.19218066196881503,0.3820811230919243,0.5141563185801108
ctranspath_mean:hdbscan_noise,mean,__overall__,4-6,17,2,0.7333333333333334,0.26785714285714285,0.1752142248611873,0.38626383011539783,0.491461425088346
ctranspath_mean:hdbscan_noise,mean,__overall__,7+,18,2,0.25,0.1111111111111111,0.25837049627740766,0.47318209826011526,0.36293741061477125
ctranspath_mean:hdbscan_noise,mean,OAUTHC,1,30,9,0.4814814814814815,0.3003127682049251,0.2686471289801313,0.3987067061520758,0.3682508303059472
ctranspath_mean:hdbscan_noise,mean,OAUTHC,2-3,21,4,0.5588235294117647,0.41981351981351983,0.23319422016140437,0.40637185789790803,0.4718601703643799
ctranspath_mean:hdbscan_noise,mean,OAUTHC,4-6,11,2,0.5555555555555556,0.26785714285714285,0.20904159382217014,0.4208437035757082,0.491461425088346
ctranspath_mean:hdbscan_noise,mean,OAUTHC,7+,18,2,0.25,0.1111111111111111,0.25837049627740766,0.47318209826011526,0.36293741061477125
ctranspath_mean:hdbscan_noise,max,__overall__,all,216,47,0.6455998992823869,0.3482623899595921,0.24313142894526912,0.443489602155234,0.5511724400393506
ctranspath_mean:hdbscan_noise,max,LASUTH,all,13,3,0.8999999999999999,0.8333333333333333,0.13297920131839355,0.29098384007811545,0.5304544270038605
ctranspath_mean:hdbscan_noise,max,LUTH,all,19,3,0.8333333333333333,0.7575757575757576,0.1552914514330777,0.3086881744675338,0.7065624743700027
ctranspath_mean:hdbscan_noise,max,OAUTHC,all,80,17,0.4285714285714286,0.21582458980876384,0.34521645910809334,0.5433768560252492,0.48836804137510414
ctranspath_mean:hdbscan_noise,max,UITH,all,10,4,0.7916666666666667,0.7470238095238095,0.22235528783064407,0.30665898447235423,0.5115879476070404
ctranspath_mean:hdbscan_noise,max,retrospective_msk,all,93,20,0.8232876712328767,0.6540133685633804,0.1922988267156481,0.4204499415338856,0.5922722741961479
ctranspath_mean:hdbscan_noise,max,__overall__,1,74,17,0.6418988648090815,0.3881847277364874,0.20871072145330782,0.3518461426883413,0.46557167786009174
ctranspath_mean:hdbscan_noise,max,__overall__,2-3,107,26,0.7426400759734092,0.5295714781371856,0.20778956609574778,0.42794828917141314,0.5816616885937177
ctranspath_mean:hdbscan_noise,max,__overall__,4-6,17,2,0.9666666666666667,0.8333333333333333,0.24719497736123816,0.5077165166536967,0.7550570070743561
ctranspath_mean:hdbscan_noise,max,__overall__,7+,18,2,0.375,0.14215686274509803,0.5908887265137378,0.7884345911443233,0.6785341203212738
ctranspath_mean:hdbscan_noise,max,OAUTHC,1,30,9,0.4814814814814815,0.3003127682049251,0.2686471289801313,0.3987067061520758,0.3682508303059472
ctranspath_mean:hdbscan_noise,max,OAUTHC,2-3,21,4,0.5735294117647058,0.4245754245754246,0.27235303870297894,0.4744559736812816,0.5302042439579964
ctranspath_mean:hdbscan_noise,max,OAUTHC,4-6,11,2,0.9444444444444444,0.8333333333333333,0.2911356335666989,0.5754662321673499,0.7550570070743561
ctranspath_mean:hdbscan_noise,max,OAUTHC,7+,18,2,0.375,0.14215686274509803,0.5908887265137378,0.7884345911443233,0.6785341203212738
ctranspath_mean:msk_dist_p95,mean,__overall__,all,210,46,0.659729586426299,0.41032939801828305,0.20352534595664093,0.3843635461841985,0.4996215203909258
ctranspath_mean:msk_dist_p95,mean,LASUTH,all,9,3,0.888888888888889,0.8666666666666667,0.1545430734035861,0.305656517131461,0.5304544270038605
ctranspath_mean:msk_dist_p95,mean,LUTH,all,17,3,0.8809523809523809,0.7916666666666666,0.1507345659948922,0.28457165961819036,0.7065624743700027
ctranspath_mean:msk_dist_p95,mean,OAUTHC,all,80,16,0.46875,0.25202094294263117,0.24585635064935532,0.4219711105406815,0.4117250010363525
ctranspath_mean:msk_dist_p95,mean,UITH,all,10,4,0.7916666666666667,0.7470238095238095,0.22925982008400023,0.30665898447235423,0.5010324632748961
ctranspath_mean:msk_dist_p95,mean,retrospective_msk,all,94,20,0.7831081081081082,0.6208111336063027,0.17899830974000772,0.38339965209901866,0.5339904682089884
ctranspath_mean:msk_dist_p95,mean,__overall__,1,70,17,0.6570477247502775,0.4503777914460115,0.20923385294368962,0.3530003919072871,0.49510720109238343
ctranspath_mean:msk_dist_p95,mean,__overall__,2-3,108,26,0.7134146341463414,0.5155401258677412,0.1941968321700182,0.38777940594629057,0.5156502803453268
ctranspath_mean:msk_dist_p95,mean,__overall__,4-6,15,1,0.6428571428571428,0.16666666666666666,0.17393585413411058,0.38555282909600513,0.4373175408691167
ctranspath_mean:msk_dist_p95,mean,__overall__,7+,17,2,0.26666666666666666,0.11805555555555555,0.26539160343898266,0.4753966605454962,0.36077134478222606
ctranspath_mean:msk_dist_p95,mean,OAUTHC,1,29,8,0.47023809523809523,0.27756966558627305,0.2660491677294472,0.3987067061520758,0.362595297396183
ctranspath_mean:msk_dist_p95,mean,OAUTHC,2-3,23,5,0.6111111111111112,0.4583107088989442,0.22705298983215733,0.40838651165918066,0.5055954813957214
ctranspath_mean:msk_dist_p95,mean,OAUTHC,4-6,11,1,0.5,0.16666666666666666,0.20174601483564858,0.4151403127362331,0.4373175408691167
ctranspath_mean:msk_dist_p95,mean,OAUTHC,7+,17,2,0.26666666666666666,0.11805555555555555,0.26539160343898266,0.4753966605454962,0.36077134478222606
ctranspath_mean:msk_dist_p95,max,__overall__,all,210,46,0.6432926829268293,0.3530318492948882,0.24473213082252862,0.4468773518030236,0.5541654258318569
ctranspath_mean:msk_dist_p95,max,LASUTH,all,9,3,0.8333333333333333,0.8333333333333333,0.16308534584675802,0.3213125132024288,0.5304544270038605
ctranspath_mean:msk_dist_p95,max,LUTH,all,17,3,0.8809523809523809,0.7916666666666666,0.1530466387104651,0.29051167890429497,0.7065624743700027
ctranspath_mean:msk_dist_p95,max,OAUTHC,all,80,16,0.4345703125,0.2106949896585048,0.33807711559807246,0.5366590853082016,0.49304760061204433
ctranspath_mean:msk_dist_p95,max,UITH,all,10,4,0.7916666666666667,0.7470238095238095,0.22235528783064407,0.30665898447235423,0.5115879476070404
ctranspath_mean:msk_dist_p95,max,retrospective_msk,all,94,20,0.8243243243243242,0.6535859562191324,0.19206876995617062,0.42036096953056956,0.5922722741961479
ctranspath_mean:msk_dist_p95,max,__overall__,1,70,17,0.6570477247502775,0.4503777914460115,0.20923385294368962,0.3530003919072871,0.49510720109238343
ctranspath_mean:msk_dist_p95,max,__overall__,2-3,108,26,0.7382739212007504,0.5048873982943735,0.2111528932226207,0.43355287747775634,0.5736404416652826
ctranspath_mean:msk_dist_p95,max,__overall__,4-6,15,1,1.0,1.0,0.2676610542986961,0.5199598095246724,0.8030674457550049
ctranspath_mean:msk_dist_p95,max,__overall__,7+,17,2,0.3666666666666667,0.14583333333333331,0.5839970284793681,0.7832061092058817,0.6785341203212738
ctranspath_mean:msk_dist_p95,max,OAUTHC,1,29,8,0.47023809523809523,0.27756966558627305,0.2660491677294472,0.3987067061520758,0.362595297396183
ctranspath_mean:msk_dist_p95,max,OAUTHC,2-3,23,5,0.6222222222222222,0.46198717948717954,0.262258359307838,0.474549381269349,0.5655727088451385
ctranspath_mean:msk_dist_p95,max,OAUTHC,4-6,11,1,1.0,1.0,0.3064410577692999,0.5683360129594803,0.8030674457550049
ctranspath_mean:msk_dist_p95,max,OAUTHC,7+,17,2,0.3666666666666667,0.14583333333333331,0.5839970284793681,0.7832061092058817,0.6785341203212738
ctranspath_mean:msk_dist_p99,mean,__overall__,all,216,46,0.6618925831202046,0.3872254699950035,0.20164347115967754,0.38183313465939256,0.49159911226832403
ctranspath_mean:msk_dist_p99,mean,LASUTH,all,13,3,0.9333333333333333,0.8666666666666667,0.1270653203961976,0.28159024243553477,0.5304544270038605
ctranspath_mean:msk_dist_p99,mean,LUTH,all,19,3,0.8125,0.6,0.15688347475981593,0.2959102268796414,0.6029800722996393
ctranspath_mean:msk_dist_p99,mean,OAUTHC,all,80,16,0.4560546875,0.24189977593505196,0.2475489408562818,0.42421310430477516,0.4080822780720657
ctranspath_mean:msk_dist_p99,mean,UITH,all,10,4,0.7916666666666667,0.7470238095238095,0.22925982008400023,0.30665898447235423,0.5010324632748961
ctranspath_mean:msk_dist_p99,mean,retrospective_msk,all,94,20,0.7831081081081082,0.6208111336063027,0.17899830974000772,0.38339965209901866,0.5339904682089884
ctranspath_mean:msk_dist_p99,mean,__overall__,1,72,16,0.640625,0.38692306013359623,0.20820388364845444,0.3522085641909923,0.46882646437734365
ctranspath_mean:msk_dist_p99,mean,__overall__,2-3,110,27,0.7251227130745203,0.5245966323865723,0.1914923072474632,0.38259938001692534,0.5167953890322903
ctranspath_mean:msk_dist_p99,mean,__overall__,4-6,16,1,0.6666666666666667,0.16666666666666666,0.17326045548191998,0.38626383011539783,0.4373175408691167
ctranspath_mean:msk_dist_p99,mean,__overall__,7+,18,2,0.25,0.1111111111111111,0.26266605904833107,0.47739045651658707,0.36077134478222606
ctranspath_mean:msk_dist_p99,mean,OAUTHC,1,29,8,0.47023809523809523,0.27756966558627305,0.2660491677294472,0.3987067061520758,0.362595297396183
ctranspath_mean:msk_dist_p99,mean,OAUTHC,2-3,23,5,0.6,0.4383107088989442,0.2290224932332264,0.40838651165918066,0.4939387679100037
ctranspath_mean:msk_dist_p99,mean,OAUTHC,4-6,10,1,0.4444444444444444,0.16666666666666666,0.2092982997114407,0.4208437035757082,0.4373175408691167
ctranspath_mean:msk_dist_p99,mean,OAUTHC,7+,18,2,0.25,0.1111111111111111,0.26266605904833107,0.47739045651658707,0.36077134478222606
ctranspath_mean:msk_dist_p99,max,__overall__,all,216,46,0.6479539641943733,0.34732115971492633,0.2428579625471268,0.4441434946130304,0.5541654258318569
ctranspath_mean:msk_dist_p99,max,LASUTH,all,13,3,0.8999999999999999,0.8333333333333333,0.13297920131839355,0.29098384007811545,0.5304544270038605
ctranspath_mean:msk_dist_p99,max,LUTH,all,19,3,0.8333333333333333,0.7575757575757576,0.1552914514330777,0.3086881744675338,0.7065624743700027
ctranspath_mean:msk_dist_p99,max,OAUTHC,all,80,16,0.431640625,0.2093556521122707,0.34375044327031634,0.5423262381227687,0.49304760061204433
ctranspath_mean:msk_dist_p99,max,UITH,all,10,4,0.7916666666666667,0.7470238095238095,0.22235528783064407,0.30665898447235423,0.5115879476070404
ctranspath_mean:msk_dist_p99,max,retrospective_msk,all,94,20,0.8243243243243242,0.6535859562191324,0.19206876995617062,0.42036096953056956,0.5922722741961479
ctranspath_mean:msk_dist_p99,max,__overall__,1,72,16,0.640625,0.38692306013359623,0.20820388364845444,0.3522085641909923,0.46882646437734365
ctranspath_mean:msk_dist_p99,max,__overall__,2-3,110,27,0.752342704149933,0.5460424238933799,0.20649227552902036,0.4283134130289756,0.5863055730307544
ctranspath_mean:msk_dist_p99,max,__overall__,4-6,16,1,1.0,1.0,0.2572808063781966,0.5077165166536967,0.8030674457550049
ctranspath_mean:msk_dist_p99,max,__overall__,7+,18,2,0.375,0.14215686274509803,0.5908887265137378,0.7884345911443233,0.6785341203212738
ctranspath_mean:msk_dist_p99,max,OAUTHC,1,29,8,0.47023809523809523,0.27756966558627305,0.2660491677294472,0.3987067061520758,0.362595297396183
ctranspath_mean:msk_dist_p99,max,OAUTHC,2-3,23,5,0.6222222222222222,0.46198717948717954,0.262258359307838,0.474549381269349,0.5655727088451385
ctranspath_mean:msk_dist_p99,max,OAUTHC,4-6,10,1,1.0,1.0,0.31166702561437853,0.5754662321673499,0.8030674457550049
ctranspath_mean:msk_dist_p99,max,OAUTHC,7+,18,2,0.375,0.14215686274509803,0.5908887265137378,0.7884345911443233,0.6785341203212738
uni2_mean:hdbscan_noise,mean,__overall__,all,205,45,0.6461111111111111,0.36461804966500794,0.20416104743359187,0.3827482866505479,0.47687208438502837
uni2_mean:hdbscan_noise,mean,LASUTH,all,11,2,0.9444444444444444,0.8333333333333333,0.11612499055779582,0.26128579648556527,0.4949751943349838
uni2_mean:hdbscan_noise,mean,LUTH,all,13,2,0.8181818181818181,0.6666666666666666,0.11738066825093922,0.23508837378837846,0.42598711699247355
uni2_mean:hdbscan_noise,mean,OAUTHC,all,77,17,0.43823529411764706,0.24648785068741785,0.25879080439248614,0.43480085362005744,0.4080316482404978
uni2_mean:hdbscan_noise,mean,UITH,all,10,4,0.7916666666666667,0.7470238095238095,0.22925982008400023,0.30665898447235423,0.5010324632748961
uni2_mean:hdbscan_noise,mean,retrospective_msk,all,94,20,0.7831081081081082,0.6208111336063027,0.17904469150454186,0.3834348170271328,0.5338325650741657
uni2_mean:hdbscan_noise,mean,__overall__,1,64,15,0.5931972789115646,0.32720547700551017,0.21693367195961982,0.3538959430796759,0.4237559765577316
uni2_mean:hdbscan_noise,mean,__overall__,2-3,108,26,0.7204502814258912,0.518060422500602,0.19137529029013625,0.38195965937300913,0.5141563185801108
uni2_mean:hdbscan_noise,mean,__overall__,4-6,16,2,0.6785714285714285,0.24285714285714285,0.19555578707029603,0.4043607174108426,0.491461425088346
uni2_mean:hdbscan_noise,mean,__overall__,7+,17,2,0.3,0.125,0.2454021043536013,0.4611388360563325,0.37595850785036344
uni2_mean:hdbscan_noise,mean,OAUTHC,1,29,9,0.42222222222222217,0.2834746450738764,0.2898000901722477,0.4277814369648695,0.3682508303059472
uni2_mean:hdbscan_noise,mean,OAUTHC,2-3,20,4,0.53125,0.41981351981351983,0.23720387496809453,0.41027101734653115,0.4718601703643799
uni2_mean:hdbscan_noise,mean,OAUTHC,4-6,11,2,0.5,0.24285714285714285,0.23697964089573953,0.4501115177240636,0.491461425088346
uni2_mean:hdbscan_noise,mean,OAUTHC,7+,17,2,0.3,0.125,0.2454021043536013,0.4611388360563325,0.37595850785036344
uni2_mean:hdbscan_noise,max,__overall__,all,205,45,0.6315277777777777,0.32276798596214085,0.2451007850036735,0.44604989266954365,0.5410383512576421
uni2_mean:hdbscan_noise,max,LASUTH,all,11,2,0.8888888888888888,0.75,0.12311412255675465,0.27172312719954383,0.4949751943349838
uni2_mean:hdbscan_noise,max,LUTH,all,13,2,0.7727272727272727,0.6428571428571428,0.11133469843882257,0.24879184365272522,0.5813607200980186
uni2_mean:hdbscan_noise,max,OAUTHC,all,77,17,0.40490196078431373,0.21688039620578714,0.35280567849009853,0.5539849791675806,0.48836804137510414
uni2_mean:hdbscan_noise,max,UITH,all,10,4,0.7916666666666667,0.7470238095238095,0.22235528783064407,0.30665898447235423,0.5115879476070404
uni2_mean:hdbscan_noise,max,retrospective_msk,all,94,20,0.8243243243243242,0.6535859562191324,0.19206876995617062,0.42036096953056956,0.5922722741961479
uni2_mean:hdbscan_noise,max,__overall__,1,64,15,0.5931972789115646,0.32720547700551017,0.21693367195961982,0.3538959430796759,0.4237559765577316
uni2_mean:hdbscan_noise,max,__overall__,2-3,108,26,0.7523452157598499,0.5501625315489539,0.2041652271529081,0.42459239510864744,0.5816616885937177
uni2_mean:hdbscan_noise,max,__overall__,4-6,16,2,0.8928571428571429,0.5,0.28116631184219915,0.5358944939715522,0.7550570070743561
uni2_mean:hdbscan_noise,max,__overall__,7+,17,2,0.4,0.1625,0.5772588469616547,0.7805321534474691,0.6785341203212738
uni2_mean:hdbscan_noise,max,OAUTHC,1,29,9,0.42222222222222217,0.2834746450738764,0.2898000901722477,0.4277814369648695,0.3682508303059472
uni2_mean:hdbscan_noise,max,OAUTHC,2-3,20,4,0.546875,0.4245754245754246,0.2620824018041554,0.4658439662307501,0.5302042439579964
uni2_mean:hdbscan_noise,max,OAUTHC,4-6,11,2,0.8333333333333334,0.5,0.3369805631191968,0.6135538054837121,0.7550570070743561
uni2_mean:hdbscan_noise,max,OAUTHC,7+,17,2,0.4,0.1625,0.5772588469616547,0.7805321534474691,0.6785341203212738
uni2_mean:msk_dist_p95,mean,__overall__,all,210,46,0.6588016967126191,0.41054647894464397,0.20374998346840653,0.38465737186548066,0.49903032262582436
uni2_mean:msk_dist_p95,mean,LASUTH,all,9,3,0.888888888888889,0.8666666666666667,0.1545430734035861,0.305656517131461,0.5304544270038605
uni2_mean:msk_dist_p95,mean,LUTH,all,17,3,0.8809523809523809,0.7916666666666666,0.1507345659948922,0.28457165961819036,0.7065624743700027
uni2_mean:msk_dist_p95,mean,OAUTHC,all,80,16,0.4619140625,0.25181413404019953,0.24644602411773997,0.422724038848967,0.410025307461686
uni2_mean:msk_dist_p95,mean,UITH,all,10,4,0.7916666666666667,0.7470238095238095,0.22925982008400023,0.30665898447235423,0.5010324632748961
uni2_mean:msk_dist_p95,mean,retrospective_msk,all,94,20,0.7831081081081082,0.6208111336063027,0.17899830974000772,0.38339965209901866,0.5339904682089884
uni2_mean:msk_dist_p95,mean,__overall__,1,70,17,0.6570477247502775,0.4503777914460115,0.20923385294368962,0.3530003919072871,0.49510720109238343
uni2_mean:msk_dist_p95,mean,__overall__,2-3,108,26,0.7134146341463414,0.5155401258677412,0.1941968321700182,0.38777940594629057,0.5156502803453268
uni2_mean:msk_dist_p95,mean,__overall__,4-6,14,1,0.6153846153846154,0.16666666666666666,0.1773439032809951,0.38722537016639347,0.4373175408691167
uni2_mean:msk_dist_p95,mean,__overall__,7+,18,2,0.28125,0.11437908496732026,0.2602807945561779,0.47143419469335435,0.34717379618489397
uni2_mean:msk_dist_p95,mean,OAUTHC,1,29,8,0.47023809523809523,0.27756966558627305,0.2660491677294472,0.3987067061520758,0.362595297396183
uni2_mean:msk_dist_p95,mean,OAUTHC,2-3,23,5,0.6111111111111112,0.4583107088989442,0.22705298983215733,0.40838651165918066,0.5055954813957214
uni2_mean:msk_dist_p95,mean,OAUTHC,4-6,10,1,0.4444444444444444,0.16666666666666666,0.2092982997114407,0.4208437035757082,0.4373175408691167
uni2_mean:msk_dist_p95,mean,OAUTHC,7+,18,2,0.28125,0.11437908496732026,0.2602807945561779,0.47143419469335435,0.34717379618489397
uni2_mean:msk_dist_p95,max,__overall__,all,210,46,0.6383881230116648,0.34394229077354255,0.2468460571975791,0.44887136486245366,0.5509818782624991
uni2_mean:msk_dist_p95,max,LASUTH,all,9,3,0.8333333333333333,0.8333333333333333,0.16308534584675802,0.3213125132024288,0.5304544270038605
uni2_mean:msk_dist_p95,max,LUTH,all,17,3,0.8809523809523809,0.7916666666666666,0.1530466387104651,0.29051167890429497,0.7065624743700027
uni2_mean:msk_dist_p95,max,OAUTHC,all,80,16,0.421875,0.19982160063742974,0.3436261723325801,0.541768743772991,0.48389490135014057
uni2_mean:msk_dist_p95,max,UITH,all,10,4,0.7916666666666667,0.7470238095238095,0.22235528783064407,0.30665898447235423,0.5115879476070404
uni2_mean:msk_dist_p95,max,retrospective_msk,all,94,20,0.8243243243243242,0.6535859562191324,0.19206876995617062,0.42036096953056956,0.5922722741961479
uni2_mean:msk_dist_p95,max,__overall__,1,70,17,0.6570477247502775,0.4503777914460115,0.20923385294368962,0.3530003919072871,0.49510720109238343
uni2_mean:msk_dist_p95,max,__overall__,2-3,108,26,0.7382739212007504,0.5048873982943735,0.2111528932226207,0.43355287747775634,0.5736404416652826
uni2_mean:msk_dist_p95,max,__overall__,4-6,14,1,1.0,1.0,0.268623888225852,0.5211748687120584,0.8030674457550049
uni2_mean:msk_dist_p95,max,__overall__,7+,18,2,0.1875,0.10049019607843138,0.59033641123491,0.7862046137452126,0.6053125262260437
uni2_mean:msk_dist_p95,max,OAUTHC,1,29,8,0.47023809523809523,0.27756966558627305,0.2660491677294472,0.3987067061520758,0.362595297396183
uni2_mean:msk_dist_p95,max,OAUTHC,2-3,23,5,0.6222222222222222,0.46198717948717954,0.262258359307838,0.474549381269349,0.5655727088451385
uni2_mean:msk_dist_p95,max,OAUTHC,4-6,10,1,1.0,1.0,0.31166702561437853,0.5754662321673499,0.8030674457550049
uni2_mean:msk_dist_p95,max,OAUTHC,7+,18,2,0.1875,0.10049019607843138,0.59033641123491,0.7862046137452126,0.6053125262260437
uni2_mean:msk_dist_p99,mean,__overall__,all,216,46,0.6616368286445012,0.38632171873680987,0.2017186183222663,0.3818912687724318,0.49159911226832403
uni2_mean:msk_dist_p99,mean,LASUTH,all,13,3,0.9333333333333333,0.8666666666666667,0.1270653203961976,0.28159024243553477,0.5304544270038605
uni2_mean:msk_dist_p99,mean,LUTH,all,19,3,0.8125,0.6,0.1568752549538271,0.2958788925316185,0.6029800722996393
uni2_mean:msk_dist_p99,mean,OAUTHC,all,80,16,0.455078125,0.24051088704616308,0.2477537903991939,0.4243753566295415,0.4080822780720657
uni2_mean:msk_dist_p99,mean,UITH,all,10,4,0.7916666666666667,0.7470238095238095,0.22925982008400023,0.30665898447235423,0.5010324632748961
uni2_mean:msk_dist_p99,mean,retrospective_msk,all,94,20,0.7831081081081082,0.6208111336063027,0.17899830974000772,0.38339965209901866,0.5339904682089884
uni2_mean:msk_dist_p99,mean,__overall__,1,72,16,0.640625,0.38692306013359623,0.20820388364845444,0.3522085641909923,0.46882646437734365
uni2_mean:msk_dist_p99,mean,__overall__,2-3,110,27,0.7251227130745203,0.5245966323865723,0.1914908874627924,0.38259333966067993,0.5167953890322903
uni2_mean:msk_dist_p99,mean,__overall__,4-6,16,1,0.6666666666666667,0.16666666666666666,0.17326045548191998,0.38626383011539783,0.4373175408691167
uni2_mean:msk_dist_p99,mean,__overall__,7+,18,2,0.25,0.1111111111111111,0.2635765014612737,0.4780394658156525,0.36077134478222606
uni2_mean:msk_dist_p99,mean,OAUTHC,1,29,8,0.47023809523809523,0.27756966558627305,0.2660491677294472,0.3987067061520758,0.362595297396183
uni2_mean:msk_dist_p99,mean,OAUTHC,2-3,23,5,0.6,0.4383107088989442,0.2290224932332264,0.40838651165918066,0.4939387679100037
uni2_mean:msk_dist_p99,mean,OAUTHC,4-6,10,1,0.4444444444444444,0.16666666666666666,0.2092982997114407,0.4208437035757082,0.4373175408691167
uni2_mean:msk_dist_p99,mean,OAUTHC,7+,18,2,0.25,0.1111111111111111,0.2635765014612737,0.4780394658156525,0.36077134478222606
uni2_mean:msk_dist_p99,max,__overall__,all,216,46,0.6479539641943733,0.34732115971492633,0.2428579625471268,0.4441434946130304,0.5541654258318569
uni2_mean:msk_dist_p99,max,LASUTH,all,13,3,0.8999999999999999,0.8333333333333333,0.13297920131839355,0.29098384007811545,0.5304544270038605
uni2_mean:msk_dist_p99,max,LUTH,all,19,3,0.8333333333333333,0.7575757575757576,0.1552914514330777,0.3086881744675338,0.7065624743700027
uni2_mean:msk_dist_p99,max,OAUTHC,all,80,16,0.431640625,0.2093556521122707,0.34375044327031634,0.5423262381227687,0.49304760061204433
uni2_mean:msk_dist_p99,max,UITH,all,10,4,0.7916666666666667,0.7470238095238095,0.22235528783064407,0.30665898447235423,0.5115879476070404
uni2_mean:msk_dist_p99,max,retrospective_msk,all,94,20,0.8243243243243242,0.6535859562191324,0.19206876995617062,0.42036096953056956,0.5922722741961479
uni2_mean:msk_dist_p99,max,__overall__,1,72,16,0.640625,0.38692306013359623,0.20820388364845444,0.3522085641909923,0.46882646437734365
uni2_mean:msk_dist_p99,max,__overall__,2-3,110,27,0.752342704149933,0.5460424238933799,0.20649227552902036,0.4283134130289756,0.5863055730307544
uni2_mean:msk_dist_p99,max,__overall__,4-6,16,1,1.0,1.0,0.2572808063781966,0.5077165166536967,0.8030674457550049
uni2_mean:msk_dist_p99,max,__overall__,7+,18,2,0.375,0.14215686274509803,0.5908887265137378,0.7884345911443233,0.6785341203212738
uni2_mean:msk_dist_p99,max,OAUTHC,1,29,8,0.47023809523809523,0.27756966558627305,0.2660491677294472,0.3987067061520758,0.362595297396183
uni2_mean:msk_dist_p99,max,OAUTHC,2-3,23,5,0.6222222222222222,0.46198717948717954,0.262258359307838,0.474549381269349,0.5655727088451385
uni2_mean:msk_dist_p99,max,OAUTHC,4-6,10,1,1.0,1.0,0.31166702561437853,0.5754662321673499,0.8030674457550049
uni2_mean:msk_dist_p99,max,OAUTHC,7+,18,2,0.375,0.14215686274509803,0.5908887265137378,0.7884345911443233,0.6785341203212738
virchow2_mean:hdbscan_noise,mean,__overall__,all,214,47,0.660593706204612,0.3924330288029539,0.20090826346033028,0.3799576771055041,0.48930139548946006
virchow2_mean:hdbscan_noise,mean,LASUTH,all,13,3,0.9333333333333333,0.8666666666666667,0.1270653203961976,0.28159024243553477,0.5304544270038605
virchow2_mean:hdbscan_noise,mean,LUTH,all,19,3,0.8125,0.6,0.1568143709760344,0.29564357665367424,0.6029800722996393
virchow2_mean:hdbscan_noise,mean,OAUTHC,all,78,17,0.4522661523625844,0.2491301862996757,0.24642681963909893,0.4205406577814491,0.40645869127168577
virchow2_mean:hdbscan_noise,mean,UITH,all,10,4,0.7916666666666667,0.7470238095238095,0.22925982008400023,0.30665898447235423,0.5010324632748961
virchow2_mean:hdbscan_noise,mean,retrospective_msk,all,94,20,0.7831081081081082,0.6208111336063027,0.1792463407885716,0.3839702485716558,0.5341467242687942
virchow2_mean:hdbscan_noise,mean,__overall__,1,73,17,0.6386554621848739,0.3891689747301643,0.20628899586077976,0.3497581257085715,0.46557167786009174
virchow2_mean:hdbscan_noise,mean,__overall__,2-3,108,26,0.7166979362101313,0.5150896360792088,0.1924637879748077,0.38390591705778265,0.5143979794990557
virchow2_mean:hdbscan_noise,mean,__overall__,4-6,15,2,0.7692307692307692,0.3333333333333333,0.1641430150255725,0.36826970078624205,0.491461425088346
virchow2_mean:hdbscan_noise,mean,__overall__,7+,18,2,0.25,0.1111111111111111,0.26039096422283,0.474917857998741,0.3625883736154612
virchow2_mean:hdbscan_noise,mean,OAUTHC,1,30,9,0.4814814814814815,0.3003127682049251,0.2594614313100723,0.39217220353228704,0.3682508303059472
virchow2_mean:hdbscan_noise,mean,OAUTHC,2-3,21,4,0.5147058823529411,0.40773809523809523,0.236545271511873,0.4139727136375857,0.4718601703643799
virchow2_mean:hdbscan_noise,mean,OAUTHC,4-6,9,2,0.5714285714285714,0.3333333333333333,0.1981067705319195,0.397305998667365,0.491461425088346
virchow2_mean:hdbscan_noise,mean,OAUTHC,7+,18,2,0.25,0.1111111111111111,0.26039096422283,0.474917857998741,0.3625883736154612
virchow2_mean:hdbscan_noise,max,__overall__,all,214,47,0.6488724678302968,0.35626807169652686,0.24007173090858536,0.44087586556366104,0.5511724400393506
virchow2_mean:hdbscan_noise,max,LASUTH,all,13,3,0.8999999999999999,0.8333333333333333,0.13297920131839355,0.29098384007811545,0.5304544270038605
virchow2_mean:hdbscan_noise,max,LUTH,all,19,3,0.8333333333333333,0.7575757575757576,0.1552914514330777,0.3086881744675338,0.7065624743700027
virchow2_mean:hdbscan_noise,max,OAUTHC,all,78,17,0.4271938283510125,0.2212317130016813,0.3386931534087589,0.5382090935208759,0.48836804137510414
virchow2_mean:hdbscan_noise,max,UITH,all,10,4,0.7916666666666667,0.7470238095238095,0.22235528783064407,0.30665898447235423,0.5115879476070404
virchow2_mean:hdbscan_noise,max,retrospective_msk,all,94,20,0.8243243243243242,0.6535859562191324,0.19206876995617062,0.42036096953056956,0.5922722741961479
virchow2_mean:hdbscan_noise,max,__overall__,1,73,17,0.6386554621848739,0.3891689747301643,0.20628899586077976,0.3497581257085715,0.46557167786009174
virchow2_mean:hdbscan_noise,max,__overall__,2-3,108,26,0.7448405253283301,0.5368405788286148,0.207534774391341,0.428850883845149,0.5816616885937177
virchow2_mean:hdbscan_noise,max,__overall__,4-6,15,2,1.0,1.0,0.21776673367254915,0.481468351987692,0.7550570070743561
virchow2_mean:hdbscan_noise,max,__overall__,7+,18,2,0.375,0.14215686274509803,0.5908887265137378,0.7884345911443233,0.6785341203212738
virchow2_mean:hdbscan_noise,max,OAUTHC,1,30,9,0.4814814814814815,0.3003127682049251,0.2594614313100723,0.39217220353228704,0.3682508303059472
virchow2_mean:hdbscan_noise,max,OAUTHC,2-3,21,4,0.5294117647058824,0.4119047619047619,0.27293083762632697,0.47986165039679585,0.5302042439579964
virchow2_mean:hdbscan_noise,max,OAUTHC,4-6,9,2,1.0,1.0,0.2518531510200974,0.5460767022200993,0.7550570070743561
virchow2_mean:hdbscan_noise,max,OAUTHC,7+,18,2,0.375,0.14215686274509803,0.5908887265137378,0.7884345911443233,0.6785341203212738
virchow2_mean:msk_dist_p95,mean,__overall__,all,209,46,0.6583088823686317,0.4097871331349911,0.2042267887530406,0.3849308817533968,0.49929019707672234
virchow2_mean:msk_dist_p95,mean,LASUTH,all,9,3,0.888888888888889,0.8666666666666667,0.1545430734035861,0.305656517131461,0.5304544270038605
virchow2_mean:msk_dist_p95,mean,LUTH,all,17,3,0.8809523809523809,0.7916666666666666,0.1507345659948922,0.28457165961819036,0.7065624743700027
virchow2_mean:msk_dist_p95,mean,OAUTHC,all,79,16,0.4632936507936508,0.25149570710467317,0.24824790190429502,0.4240359242253767,0.41077244650801764
virchow2_mean:msk_dist_p95,mean,UITH,all,10,4,0.7916666666666667,0.7470238095238095,0.22925982008400023,0.30665898447235423,0.5010324632748961
virchow2_mean:msk_dist_p95,mean,retrospective_msk,all,94,20,0.7831081081081082,0.6208111336063027,0.17899830974000772,0.38339965209901866,0.5339904682089884
virchow2_mean:msk_dist_p95,mean,__overall__,1,70,17,0.6570477247502775,0.4503777914460115,0.20923385294368962,0.3530003919072871,0.49510720109238343
virchow2_mean:msk_dist_p95,mean,__overall__,2-3,107,26,0.714624881291548,0.5176128503909494,0.1939995840938378,0.3868383261309975,0.5156502803453268
virchow2_mean:msk_dist_p95,mean,__overall__,4-6,14,1,0.6153846153846154,0.16666666666666666,0.1773413648644942,0.387222209171607,0.4373175408691167
virchow2_mean:msk_dist_p95,mean,__overall__,7+,18,2,0.25,0.10882352941176471,0.2664608076213136,0.47918248867973595,0.3531509085555471
virchow2_mean:msk_dist_p95,mean,OAUTHC,1,29,8,0.47023809523809523,0.27756966558627305,0.2660491677294472,0.3987067061520758,0.362595297396183
virchow2_mean:msk_dist_p95,mean,OAUTHC,2-3,22,5,0.6235294117647059,0.4696428571428572,0.2275871086281045,0.40511472581648356,0.5055954813957214
virchow2_mean:msk_dist_p95,mean,OAUTHC,4-6,10,1,0.4444444444444444,0.16666666666666666,0.20929474592833947,0.42083913769434994,0.4373175408691167
virchow2_mean:msk_dist_p95,mean,OAUTHC,7+,18,2,0.25,0.10882352941176471,0.2664608076213136,0.47918248867973595,0.3531509085555471
virchow2_mean:msk_dist_p95,max,__overall__,all,209,46,0.6400373432915445,0.3492243210946763,0.24698628878135012,0.4489180094625321,0.5541654258318569
virchow2_mean:msk_dist_p95,max,LASUTH,all,9,3,0.8333333333333333,0.8333333333333333,0.16308534584675802,0.3213125132024288,0.5304544270038605
virchow2_mean:msk_dist_p95,max,LUTH,all,17,3,0.8809523809523809,0.7916666666666666,0.1530466387104651,0.29051167890429497,0.7065624743700027
virchow2_mean:msk_dist_p95,max,OAUTHC,all,79,16,0.43353174603174605,0.21157269081032337,0.345222229498949,0.5433639889908215,0.49304760061204433
virchow2_mean:msk_dist_p95,max,UITH,all,10,4,0.7916666666666667,0.7470238095238095,0.22235528783064407,0.30665898447235423,0.5115879476070404
virchow2_mean:msk_dist_p95,max,retrospective_msk,all,94,20,0.8243243243243242,0.6535859562191324,0.19206876995617062,0.42036096953056956,0.5922722741961479
virchow2_mean:msk_dist_p95,max,__overall__,1,70,17,0.6570477247502775,0.4503777914460115,0.20923385294368962,0.3530003919072871,0.49510720109238343
virchow2_mean:msk_dist_p95,max,__overall__,2-3,107,26,0.737891737891738,0.5058614011567723,0.21100030969004388,0.43301713604618003,0.5736404416652826
virchow2_mean:msk_dist_p95,max,__overall__,4-6,14,1,1.0,1.0,0.268623888225852,0.5211748687120584,0.8030674457550049
virchow2_mean:msk_dist_p95,max,__overall__,7+,18,2,0.375,0.14215686274509803,0.5908887265137378,0.7884345911443233,0.6785341203212738
virchow2_mean:msk_dist_p95,max,OAUTHC,1,29,8,0.47023809523809523,0.27756966558627305,0.2660491677294472,0.3987067061520758,0.362595297396183
virchow2_mean:msk_dist_p95,max,OAUTHC,2-3,22,5,0.6352941176470588,0.47380952380952385,0.2638392242214516,0.4744082899654613,0.5655727088451385
virchow2_mean:msk_dist_p95,max,OAUTHC,4-6,10,1,1.0,1.0,0.31166702561437853,0.5754662321673499,0.8030674457550049
virchow2_mean:msk_dist_p95,max,OAUTHC,7+,18,2,0.375,0.14215686274509803,0.5908887265137378,0.7884345911443233,0.6785341203212738
virchow2_mean:msk_dist_p99,mean,__overall__,all,216,47,0.6598262621175879,0.40347860185817025,0.20207923373015546,0.3819720331933294,0.49570203303524846
virchow2_mean:msk_dist_p99,mean,LASUTH,all,12,3,0.9259259259259259,0.8666666666666667,0.1309904654469515,0.2814582335176291,0.5304544270038605
virchow2_mean:msk_dist_p99,mean,LUTH,all,19,3,0.8541666666666666,0.7666666666666666,0.14852126210860594,0.29366620373912156,0.7065624743700027
virchow2_mean:msk_dist_p99,mean,OAUTHC,all,81,17,0.45128676470588236,0.2418392889417708,0.24858223862070236,0.42359315759416494,0.4062449231736581
virchow2_mean:msk_dist_p99,mean,UITH,all,10,4,0.7916666666666667,0.7470238095238095,0.22925982008400023,0.30665898447235423,0.5010324632748961
virchow2_mean:msk_dist_p99,mean,retrospective_msk,all,94,20,0.7831081081081082,0.6208111336063027,0.1790166530975506,0.38339965209901866,0.5338325650741657
virchow2_mean:msk_dist_p99,mean,__overall__,1,75,18,0.6598440545808967,0.4429059779957927,0.20575593822328753,0.3508644628158787,0.4905731951196988
virchow2_mean:msk_dist_p99,mean,__overall__,2-3,108,25,0.7069879518072288,0.4963462949322151,0.19300782344180611,0.3845963699062426,0.510528500030438
virchow2_mean:msk_dist_p99,mean,__overall__,4-6,15,2,0.6923076923076923,0.26785714285714285,0.17928594539089307,0.38722537016639347,0.491461425088346
virchow2_mean:msk_dist_p99,mean,__overall__,7+,18,2,0.25,0.1111111111111111,0.26018250035492,0.4749106696741462,0.36077134478222606
virchow2_mean:msk_dist_p99,mean,OAUTHC,1,30,9,0.4814814814814815,0.3003127682049251,0.2686471289801313,0.3987067061520758,0.3682508303059472
virchow2_mean:msk_dist_p99,mean,OAUTHC,2-3,22,4,0.5416666666666667,0.40773809523809523,0.23150022365638712,0.40838651165918066,0.4718601703643799
virchow2_mean:msk_dist_p99,mean,OAUTHC,4-6,11,2,0.5555555555555556,0.26785714285714285,0.20904159382217014,0.4208437035757082,0.491461425088346
virchow2_mean:msk_dist_p99,mean,OAUTHC,7+,18,2,0.25,0.1111111111111111,0.26018250035492,0.4749106696741462,0.36077134478222606
virchow2_mean:msk_dist_p99,max,__overall__,all,216,47,0.6430819589575728,0.34734269276641866,0.2438013760439104,0.4444298235446038,0.5511724400393506
virchow2_mean:msk_dist_p99,max,LASUTH,all,12,3,0.888888888888889,0.8333333333333333,0.13739716977933045,0.2918955642316077,0.5304544270038605
virchow2_mean:msk_dist_p99,max,LUTH,all,19,3,0.8541666666666666,0.7666666666666666,0.15212055089846943,0.3016272005625069,0.7065624743700027
virchow2_mean:msk_dist_p99,max,OAUTHC,all,81,17,0.4264705882352941,0.21345610143890303,0.3437533761342627,0.5423262381227687,0.48836804137510414
virchow2_mean:msk_dist_p99,max,UITH,all,10,4,0.7916666666666667,0.7470238095238095,0.22235528783064407,0.30665898447235423,0.5115879476070404
virchow2_mean:msk_dist_p99,max,retrospective_msk,all,94,20,0.8243243243243242,0.6535859562191324,0.19206876995617062,0.42036096953056956,0.5922722741961479
virchow2_mean:msk_dist_p99,max,__overall__,1,75,18,0.6598440545808967,0.4429059779957927,0.20575593822328753,0.3508644628158787,0.4905731951196988
virchow2_mean:msk_dist_p99,max,__overall__,2-3,108,25,0.7325301204819277,0.48470401779202393,0.21061896882628675,0.43035107285502444,0.5683041965961456
virchow2_mean:msk_dist_p99,max,__overall__,4-6,15,2,0.9615384615384616,0.8333333333333333,0.25643707655012205,0.5211748687120584,0.7550570070743561
virchow2_mean:msk_dist_p99,max,__overall__,7+,18,2,0.375,0.14215686274509803,0.5908887265137378,0.7884345911443233,0.6785341203212738
virchow2_mean:msk_dist_p99,max,OAUTHC,1,30,9,0.4814814814814815,0.3003127682049251,0.2686471289801313,0.3987067061520758,0.3682508303059472
virchow2_mean:msk_dist_p99,max,OAUTHC,2-3,22,4,0.5555555555555556,0.4119047619047619,0.27027820686319864,0.474549381269349,0.5302042439579964
virchow2_mean:msk_dist_p99,max,OAUTHC,4-6,11,2,0.9444444444444444,0.8333333333333333,0.2911356335666989,0.5754662321673499,0.7550570070743561
virchow2_mean:msk_dist_p99,max,OAUTHC,7+,18,2,0.375,0.14215686274509803,0.5908887265137378,0.7884345911443233,0.6785341203212738
virchow2_prism:hdbscan_noise,mean,__overall__,all,217,47,0.6591989987484356,0.3856986721199081,0.2022364717041107,0.3815520073125729,0.4890903903499061
virchow2_prism:hdbscan_noise,mean,LASUTH,all,13,3,0.9333333333333333,0.8666666666666667,0.1270653203961976,0.28159024243553477,0.5304544270038605
virchow2_prism:hdbscan_noise,mean,LUTH,all,19,3,0.8125,0.6,0.1568143709760344,0.29564357665367424,0.6029800722996393
virchow2_prism:hdbscan_noise,mean,OAUTHC,all,81,17,0.45128676470588236,0.2418392889417708,0.24856578461835852,0.42353302234627693,0.4062449231736581
virchow2_prism:hdbscan_noise,mean,UITH,all,10,4,0.7916666666666667,0.7470238095238095,0.22925982008400023,0.30665898447235423,0.5010324632748961
virchow2_prism:hdbscan_noise,mean,retrospective_msk,all,94,20,0.7831081081081082,0.6208111336063027,0.1790166530975506,0.38339965209901866,0.5338325650741657
virchow2_prism:hdbscan_noise,mean,__overall__,1,73,17,0.6386554621848739,0.3891689747301643,0.21006394010874918,0.3522085641909923,0.46557167786009174
virchow2_prism:hdbscan_noise,mean,__overall__,2-3,109,26,0.7177942539388322,0.5119562565032976,0.19165185942215082,0.3825479775637268,0.5141563185801108
virchow2_prism:hdbscan_noise,mean,__overall__,4-6,17,2,0.7333333333333334,0.26785714285714285,0.1752142248611873,0.38626383011539783,0.491461425088346
virchow2_prism:hdbscan_noise,mean,__overall__,7+,18,2,0.25,0.1111111111111111,0.26010845734437277,0.4746701286825942,0.36077134478222606
virchow2_prism:hdbscan_noise,mean,OAUTHC,1,30,9,0.4814814814814815,0.3003127682049251,0.2686471289801313,0.3987067061520758,0.3682508303059472
virchow2_prism:hdbscan_noise,mean,OAUTHC,2-3,22,4,0.5416666666666667,0.40773809523809523,0.23150022365638712,0.40838651165918066,0.4718601703643799
virchow2_prism:hdbscan_noise,mean,OAUTHC,4-6,11,2,0.5555555555555556,0.26785714285714285,0.20904159382217014,0.4208437035757082,0.491461425088346
virchow2_prism:hdbscan_noise,mean,OAUTHC,7+,18,2,0.25,0.1111111111111111,0.26010845734437277,0.4746701286825942,0.36077134478222606
virchow2_prism:hdbscan_noise,max,__overall__,all,217,47,0.6444305381727158,0.34717710620553865,0.2433239996102735,0.4441434946130304,0.5511724400393506
virchow2_prism:hdbscan_noise,max,LASUTH,all,13,3,0.8999999999999999,0.8333333333333333,0.13297920131839355,0.29098384007811545,0.5304544270038605
virchow2_prism:hdbscan_noise,max,LUTH,all,19,3,0.8333333333333333,0.7575757575757576,0.1552914514330777,0.3086881744675338,0.7065624743700027
virchow2_prism:hdbscan_noise,max,OAUTHC,all,81,17,0.4264705882352941,0.21345610143890303,0.3437533761342627,0.5423262381227687,0.48836804137510414
virchow2_prism:hdbscan_noise,max,UITH,all,10,4,0.7916666666666667,0.7470238095238095,0.22235528783064407,0.30665898447235423,0.5115879476070404
virchow2_prism:hdbscan_noise,max,retrospective_msk,all,94,20,0.8243243243243242,0.6535859562191324,0.19206876995617062,0.42036096953056956,0.5922722741961479
virchow2_prism:hdbscan_noise,max,__overall__,1,73,17,0.6386554621848739,0.3891689747301643,0.21006394010874918,0.3522085641909923,0.46557167786009174
virchow2_prism:hdbscan_noise,max,__overall__,2-3,109,26,0.7442075996292863,0.528073039293118,0.20759934490919574,0.4283134130289756,0.5816616885937177
virchow2_prism:hdbscan_noise,max,__overall__,4-6,17,2,0.9666666666666667,0.8333333333333333,0.24719497736123816,0.5077165166536967,0.7550570070743561
virchow2_prism:hdbscan_noise,max,__overall__,7+,18,2,0.375,0.14215686274509803,0.5908887265137378,0.7884345911443233,0.6785341203212738
virchow2_prism:hdbscan_noise,max,OAUTHC,1,30,9,0.4814814814814815,0.3003127682049251,0.2686471289801313,0.3987067061520758,0.3682508303059472
virchow2_prism:hdbscan_noise,max,OAUTHC,2-3,22,4,0.5555555555555556,0.4119047619047619,0.27027820686319864,0.474549381269349,0.5302042439579964
virchow2_prism:hdbscan_noise,max,OAUTHC,4-6,11,2,0.9444444444444444,0.8333333333333333,0.2911356335666989,0.5754662321673499,0.7550570070743561
virchow2_prism:hdbscan_noise,max,OAUTHC,7+,18,2,0.375,0.14215686274509803,0.5908887265137378,0.7884345911443233,0.6785341203212738
virchow2_prism:msk_dist_p95,mean,__overall__,all,212,47,0.6528691166989038,0.4049766712649684,0.20438537925779443,0.3826741788215928,0.49330432599925883
virchow2_prism:msk_dist_p95,mean,LASUTH,all,10,3,0.9047619047619048,0.8666666666666667,0.14077065322514634,0.2805180993108522,0.5304544270038605
virchow2_prism:msk_dist_p95,mean,LUTH,all,18,3,0.8666666666666667,0.7777777777777777,0.15079106723923544,0.29093511030077934,0.7065624743700027
virchow2_prism:msk_dist_p95,mean,OAUTHC,all,80,17,0.45751633986928103,0.24539011724110904,0.24854364695015282,0.4222548887891055,0.40568763742187597
virchow2_prism:msk_dist_p95,mean,UITH,all,10,4,0.7916666666666667,0.7470238095238095,0.22925982008400023,0.30665898447235423,0.5010324632748961
virchow2_prism:msk_dist_p95,mean,retrospective_msk,all,94,20,0.7756756756756757,0.6194088835521554,0.18118792237492004,0.38339965209901866,0.5286716464286049
virchow2_prism:msk_dist_p95,mean,__overall__,1,72,18,0.6522633744855967,0.44688855627849366,0.21022087624388408,0.3530924371271222,0.4905731951196988
virchow2_prism:msk_dist_p95,mean,__overall__,2-3,109,26,0.7089898053753475,0.5030289034091496,0.19409473339358102,0.3827138696778491,0.5075432915145006
virchow2_prism:msk_dist_p95,mean,__overall__,4-6,14,1,0.5384615384615384,0.14285714285714285,0.1829148924395918,0.4010279984619374,0.4373175408691167
virchow2_prism:msk_dist_p95,mean,__overall__,7+,17,2,0.26666666666666666,0.11805555555555555,0.263333110531656,0.473042182495437,0.36077134478222606
virchow2_prism:msk_dist_p95,mean,OAUTHC,1,30,9,0.4814814814814815,0.3003127682049251,0.2686471289801313,0.3987067061520758,0.3682508303059472
virchow2_prism:msk_dist_p95,mean,OAUTHC,2-3,23,5,0.6222222222222222,0.4363095238095238,0.22506252879284236,0.39814205150361415,0.4847144265969594
virchow2_prism:msk_dist_p95,mean,OAUTHC,4-6,10,1,0.33333333333333337,0.14285714285714285,0.21709768453347608,0.4407808333359383,0.4373175408691167
virchow2_prism:msk_dist_p95,mean,OAUTHC,7+,17,2,0.26666666666666666,0.11805555555555555,0.263333110531656,0.473042182495437,0.36077134478222606
virchow2_prism:msk_dist_p95,max,__overall__,all,212,47,0.6313346228239844,0.3515675312967194,0.2451931636359258,0.44329569348783204,0.5425661933865953
virchow2_prism:msk_dist_p95,max,LASUTH,all,10,3,0.8571428571428571,0.8333333333333333,0.14845869842400106,0.2939375245145389,0.5304544270038605
virchow2_prism:msk_dist_p95,max,LUTH,all,18,3,0.8666666666666667,0.7777777777777777,0.15325984683310914,0.2975499893228213,0.7065624743700027
virchow2_prism:msk_dist_p95,max,OAUTHC,all,80,17,0.4332399626517274,0.2180643378902969,0.3364320692598615,0.534544623205586,0.48836804137510414
virchow2_prism:msk_dist_p95,max,UITH,all,10,4,0.7916666666666667,0.7470238095238095,0.22235528783064407,0.30665898447235423,0.5115879476070404
virchow2_prism:msk_dist_p95,max,retrospective_msk,all,94,20,0.7871621621621622,0.6389192396087844,0.1978677451540951,0.42036096953056956,0.5720475945621729
virchow2_prism:msk_dist_p95,max,__overall__,1,72,18,0.6522633744855967,0.44688855627849366,0.21022087624388408,0.3530924371271222,0.4905731951196988
virchow2_prism:msk_dist_p95,max,__overall__,2-3,109,26,0.716867469879518,0.4961107639563883,0.21330596244825706,0.4287145458251597,0.5580829957929941
virchow2_prism:msk_dist_p95,max,__overall__,4-6,14,1,1.0,1.0,0.26118919952263664,0.5181873807540307,0.8030674457550049
virchow2_prism:msk_dist_p95,max,__overall__,7+,17,2,0.3666666666666667,0.14583333333333331,0.5845911118282171,0.7838036378224691,0.6785341203212738
virchow2_prism:msk_dist_p95,max,OAUTHC,1,30,9,0.4814814814814815,0.3003127682049251,0.2686471289801313,0.3987067061520758,0.3682508303059472
virchow2_prism:msk_dist_p95,max,OAUTHC,2-3,23,5,0.6333333333333333,0.4658333333333334,0.2567181806959357,0.46700317329830593,0.5655727088451385
virchow2_prism:msk_dist_p95,max,OAUTHC,4-6,10,1,1.0,1.0,0.30125846142987706,0.571150971783532,0.8030674457550049
virchow2_prism:msk_dist_p95,max,OAUTHC,7+,17,2,0.3666666666666667,0.14583333333333331,0.5845911118282171,0.7838036378224691,0.6785341203212738
virchow2_prism:msk_dist_p99,mean,__overall__,all,214,47,0.6570263727863422,0.40366772702269127,0.20332673274587437,0.3833176859930691,0.49570203303524846
virchow2_prism:msk_dist_p99,mean,LASUTH,all,10,3,0.9047619047619048,0.8666666666666667,0.14077065322514634,0.2805180993108522,0.5304544270038605
virchow2_prism:msk_dist_p99,mean,LUTH,all,19,3,0.8541666666666666,0.7666666666666666,0.1500116910141501,0.2957990795839578,0.7065624743700027
virchow2_prism:msk_dist_p99,mean,OAUTHC,all,81,17,0.45128676470588236,0.2418392889417708,0.24856578461835852,0.42353302234627693,0.4062449231736581
virchow2_prism:msk_dist_p99,mean,UITH,all,10,4,0.7916666666666667,0.7470238095238095,0.22925982008400023,0.30665898447235423,0.5010324632748961
virchow2_prism:msk_dist_p99,mean,retrospective_msk,all,94,20,0.7831081081081082,0.6208111336063027,0.1790166530975506,0.38339965209901866,0.5338325650741657
virchow2_prism:msk_dist_p99,mean,__overall__,1,72,18,0.6522633744855967,0.44688855627849366,0.21022087624388408,0.3530924371271222,0.4905731951196988
virchow2_prism:msk_dist_p99,mean,__overall__,2-3,109,25,0.7076190476190476,0.4956146169156646,0.1927043697705996,0.38474297720111084,0.510528500030438
virchow2_prism:msk_dist_p99,mean,__overall__,4-6,15,2,0.6923076923076923,0.26785714285714285,0.17928594539089307,0.38722537016639347,0.491461425088346
virchow2_prism:msk_dist_p99,mean,__overall__,7+,18,2,0.25,0.1111111111111111,0.26010845734437277,0.4746701286825942,0.36077134478222606
virchow2_prism:msk_dist_p99,mean,OAUTHC,1,30,9,0.4814814814814815,0.3003127682049251,0.2686471289801313,0.3987067061520758,0.3682508303059472
virchow2_prism:msk_dist_p99,mean,OAUTHC,2-3,22,4,0.5416666666666667,0.40773809523809523,0.23150022365638712,0.40838651165918066,0.4718601703643799
virchow2_prism:msk_dist_p99,mean,OAUTHC,4-6,11,2,0.5555555555555556,0.26785714285714285,0.20904159382217014,0.4208437035757082,0.491461425088346
virchow2_prism:msk_dist_p99,mean,OAUTHC,7+,18,2,0.25,0.1111111111111111,0.26010845734437277,0.4746701286825942,0.36077134478222606
virchow2_prism:msk_dist_p99,max,__overall__,all,214,47,0.639826729519684,0.34756378982229574,0.24538839048805428,0.4464719692568579,0.5511724400393506
virchow2_prism:msk_dist_p99,max,LASUTH,all,10,3,0.8571428571428571,0.8333333333333333,0.14845869842400106,0.2939375245145389,0.5304544270038605
virchow2_prism:msk_dist_p99,max,LUTH,all,19,3,0.8541666666666666,0.7666666666666666,0.15297304521799174,0.3029819563962519,0.7065624743700027
virchow2_prism:msk_dist_p99,max,OAUTHC,all,81,17,0.4264705882352941,0.21345610143890303,0.3437533761342627,0.5423262381227687,0.48836804137510414
virchow2_prism:msk_dist_p99,max,UITH,all,10,4,0.7916666666666667,0.7470238095238095,0.22235528783064407,0.30665898447235423,0.5115879476070404
virchow2_prism:msk_dist_p99,max,retrospective_msk,all,94,20,0.8243243243243242,0.6535859562191324,0.19206876995617062,0.42036096953056956,0.5922722741961479
virchow2_prism:msk_dist_p99,max,__overall__,1,72,18,0.6522633744855967,0.44688855627849366,0.21022087624388408,0.3530924371271222,0.4905731951196988
virchow2_prism:msk_dist_p99,max,__overall__,2-3,109,25,0.7338095238095239,0.48421563864591066,0.21004274540720044,0.42980476796981837,0.5683041965961456
virchow2_prism:msk_dist_p99,max,__overall__,4-6,15,2,0.9615384615384616,0.8333333333333333,0.25643707655012205,0.5211748687120584,0.7550570070743561
virchow2_prism:msk_dist_p99,max,__overall__,7+,18,2,0.375,0.14215686274509803,0.5908887265137378,0.7884345911443233,0.6785341203212738
virchow2_prism:msk_dist_p99,max,OAUTHC,1,30,9,0.4814814814814815,0.3003127682049251,0.2686471289801313,0.3987067061520758,0.3682508303059472
virchow2_prism:msk_dist_p99,max,OAUTHC,2-3,22,4,0.5555555555555556,0.4119047619047619,0.27027820686319864,0.474549381269349,0.5302042439579964
virchow2_prism:msk_dist_p99,max,OAUTHC,4-6,11,2,0.9444444444444444,0.8333333333333333,0.2911356335666989,0.5754662321673499,0.7550570070743561
virchow2_prism:msk_dist_p99,max,OAUTHC,7+,18,2,0.375,0.14215686274509803,0.5908887265137378,0.7884345911443233,0.6785341203212738
