strategy,regime,n,auroc,auprc,bal_acc
single:conch_v1.5_mean,patient_cv,802,0.5733024691358024,0.21622245905625398,0.5065436107102774
single:conch_v1.5_mean,loso,802,0.5222162097162097,0.1937520788093107,0.4889470097803431
single:ctranspath_mean,patient_cv,802,0.5659672118005451,0.22200804284935227,0.5351230559563893
single:ctranspath_mean,loso,802,0.38116281866281865,0.14818289025153936,0.4127284752284752
single:uni2_mean,patient_cv,802,0.5450537117203784,0.22721142001638944,0.5103715728715729
single:uni2_mean,loso,802,0.39734648067981404,0.1517706186954772,0.41572470739137407
single:virchow2_mean,patient_cv,802,0.5757976591309925,0.22415661274833282,0.5326479076479076
single:virchow2_mean,loso,802,0.4167167708834376,0.1564534579575217,0.42243867243867245
single:conch_v1.5_titan,patient_cv,802,0.5261443803110469,0.20819235647765577,0.5021745230078564
single:conch_v1.5_titan,loso,802,0.5008317299983966,0.1848554027760872,0.47889610389610393
single:virchow2_prism,patient_cv,802,0.5181076639409972,0.20202756400851543,0.5043290043290043
single:virchow2_prism,loso,802,0.4894580727914061,0.1834365948447289,0.4760301426968093
late_avg:conch_v1.5+ctranspath,patient_cv,802,0.5832431457431457,0.22553313965459376,0.515482202982203
late_avg:conch_v1.5+ctranspath,loso,802,0.44080687830687826,0.1612940033128416,0.43185826519159853
late_avg:conch_v1.5+uni2,patient_cv,802,0.5763989097322431,0.22808370612663248,0.49677328843995516
late_avg:conch_v1.5+uni2,loso,802,0.4602873977873978,0.16666818152501034,0.4567099567099567
late_avg:conch_v1.5+virchow2,patient_cv,802,0.5858986692320026,0.22115173652390502,0.5219757094757095
late_avg:conch_v1.5+virchow2,loso,802,0.4581529581529582,0.16682496149922554,0.44098725348725343
late_avg:ctranspath+uni2,patient_cv,802,0.5569985569985569,0.23642780357869175,0.5153218694885361
late_avg:ctranspath+uni2,loso,802,0.36843634760301425,0.14320167045140264,0.4091309924643258
late_avg:ctranspath+virchow2,patient_cv,802,0.5613576238576239,0.22530692417399945,0.5326479076479076
late_avg:ctranspath+virchow2,loso,802,0.37900833734167066,0.1481908335471494,0.4273889690556357
late_avg:uni2+virchow2,patient_cv,802,0.5562269520602854,0.22311157244743787,0.5250621292287959
late_avg:uni2+virchow2,loso,802,0.3906425364758698,0.14949115601655227,0.4273589065255732
late_avg:conch_v1.5+ctranspath+uni2,patient_cv,802,0.5782427449094116,0.23295100931620585,0.5190195606862273
late_avg:conch_v1.5+ctranspath+uni2,loso,802,0.4231601731601732,0.15506483766587895,0.4098725348725349
late_avg:conch_v1.5+ctranspath+virchow2,patient_cv,802,0.581559644059644,0.22550862471121064,0.5253827962161296
late_avg:conch_v1.5+ctranspath+virchow2,loso,802,0.4239718614718614,0.1571809131030658,0.423210277376944
late_avg:conch_v1.5+uni2+virchow2,patient_cv,802,0.5792247875581209,0.23051838682805756,0.5097603014269682
late_avg:conch_v1.5+uni2+virchow2,loso,802,0.43670835337502006,0.16014897684180077,0.42379148629148633
late_avg:ctranspath+uni2+virchow2,patient_cv,802,0.5573092031425364,0.2344763450594995,0.528469215969216
late_avg:ctranspath+uni2+virchow2,loso,802,0.37057078723745396,0.14413370890754013,0.41035353535353536
late_avg:conch_v1.5+ctranspath+uni2+virchow2,patient_cv,802,0.5775012025012025,0.23129990385461824,0.521043771043771
late_avg:conch_v1.5+ctranspath+uni2+virchow2,loso,802,0.4138407888407888,0.15307665084567548,0.4177789802789803
concat_pca100_lr:BASE,patient_cv,802,0.542598605098605,0.20400876675702834,0.5087281545614879
concat_pca100_lr:BASE,loso,802,0.451053190636524,0.16593063581801087,0.45564774731441393
stack_meta_lr:BASE,patient_cv,802,0.3274611191277858,0.13647274281962207,0.43414301747635087
stack_meta_lr:BASE,loso,802,0.5802368927368927,0.24164831388162775,0.5618787077120411
knn3:conch_v1.5_mean,patient_cv,802,0.477823873657207,0.1823699679372996,0.4655282988616322
knn3:conch_v1.5_mean,loso,802,0.446744227994228,0.17661458870626223,0.43360189193522525
knn5:conch_v1.5_mean,patient_cv,802,0.46963684463684463,0.17982418344624979,0.4600669392336059
knn5:conch_v1.5_mean,loso,802,0.4809303350970018,0.18378478212630192,0.4843674843674844
knn9:conch_v1.5_mean,patient_cv,802,0.4582431457431457,0.17506176431931122,0.46961680295013625
knn9:conch_v1.5_mean,loso,802,0.48890191598524935,0.18455578723849786,0.48183221099887763
proto:conch_v1.5_mean,patient_cv,802,0.38548180214846883,0.1467603710203603,0.41880110630110634
proto:conch_v1.5_mean,loso,802,0.5353735770402437,0.21294943819707873,0.51588303671637
knn3:ctranspath_mean,patient_cv,802,0.5096300304633637,0.1910821415834602,0.4707992624659292
knn3:ctranspath_mean,loso,802,0.41167628667628664,0.17183651770541356,0.43125701459034793
knn5:ctranspath_mean,patient_cv,802,0.4896083854417188,0.18636015751839782,0.4443141734808401
knn5:ctranspath_mean,loso,802,0.3664121372454706,0.16274283434310638,0.4235109026775693
knn9:ctranspath_mean,patient_cv,802,0.5022747314413981,0.18614964739490616,0.46251202501202504
knn9:ctranspath_mean,loso,802,0.35025853775853777,0.15562707194461342,0.4377204585537919
proto:ctranspath_mean,patient_cv,802,0.47573953823953824,0.17116531762865395,0.5049202340869008
proto:ctranspath_mean,loso,802,0.3815135481802148,0.1457275583602799,0.4782146865480199
knn3:uni2_mean,patient_cv,802,0.5117344075677409,0.19179452101385386,0.48144139810806474
knn3:uni2_mean,loso,802,0.36049482924482923,0.16456824274984166,0.41840027256693924
knn5:uni2_mean,patient_cv,802,0.4776785714285715,0.18061683841086076,0.4667207792207792
knn5:uni2_mean,loso,802,0.324635241301908,0.1565758077916938,0.42084535834535836
knn9:uni2_mean,patient_cv,802,0.454740860990861,0.17387052764000427,0.4600368767035433
knn9:uni2_mean,loso,802,0.33406485489818827,0.1521900393347139,0.46222142055475385
proto:uni2_mean,patient_cv,802,0.35366562449895783,0.14119885122565184,0.43346160012826684
proto:uni2_mean,loso,802,0.4305555555555556,0.15881525317127604,0.4858305274971942
knn3:virchow2_mean,patient_cv,802,0.5076709555876223,0.19305972888630846,0.49844676928010256
knn3:virchow2_mean,loso,802,0.42067500400833735,0.17112703385990718,0.4323492865159532
knn5:virchow2_mean,patient_cv,802,0.4693913339746673,0.18089805178034854,0.4809303350970017
knn5:virchow2_mean,loso,802,0.37710437710437705,0.1610143789258285,0.4571709155042489
knn9:virchow2_mean,patient_cv,802,0.4456469456469456,0.17246848859385372,0.4662097162097162
knn9:virchow2_mean,loso,802,0.36236371653038313,0.1595926020978966,0.47874579124579125
proto:virchow2_mean,patient_cv,802,0.44558682058682064,0.16274857956428768,0.4811307519640853
proto:virchow2_mean,loso,802,0.46943642776976113,0.18183217297325274,0.4812109187109187
knn3:conch_v1.5_titan,patient_cv,802,0.5025953984287318,0.19347360136026004,0.48083012666346003
knn3:conch_v1.5_titan,loso,802,0.4866321949655283,0.1877930290050696,0.4937870771204104
knn5:conch_v1.5_titan,patient_cv,802,0.4729938271604938,0.18470571641507336,0.4730539522206189
knn5:conch_v1.5_titan,loso,802,0.5087081128747796,0.197498532121821,0.5033369408369408
knn9:conch_v1.5_titan,patient_cv,802,0.44587241462241467,0.1740713568841019,0.4870731120731121
knn9:conch_v1.5_titan,loso,802,0.5359798380631714,0.20470237776566177,0.5079365079365079
proto:conch_v1.5_titan,patient_cv,802,0.3286135161135161,0.13577776379012194,0.37906846240179576
proto:conch_v1.5_titan,loso,802,0.4927549302549302,0.1865437295788148,0.5199314574314574
knn3:virchow2_prism,patient_cv,802,0.49010942760942766,0.18757920967317504,0.48822550905884243
knn3:virchow2_prism,loso,802,0.474987974987975,0.18812319141888775,0.4933962642295976
knn5:virchow2_prism,patient_cv,802,0.49457371332371336,0.18656658674304616,0.4857202982202982
knn5:virchow2_prism,loso,802,0.4482573753407087,0.174470862057251,0.4726330767997435
knn9:virchow2_prism,patient_cv,802,0.5012125220458553,0.18761905353441677,0.4926346801346801
knn9:virchow2_prism,loso,802,0.4583984688151355,0.17810625551856585,0.4925044091710758
proto:virchow2_prism,patient_cv,802,0.5051406926406926,0.1878580257110763,0.5160734327400994
proto:virchow2_prism,loso,802,0.5103515311848644,0.2245034142036776,0.4992584575917909
